source_debit_note_number,dest_tenant,source_tenant,cancelGatepassQuery
P0213-25A0000031,th429,th213,UPDATE th429.gatepass_invoice SET status = 'CANCELLED' WHERE id = 59451 and no = 'P0213-25A0000031' and status = 'CREATED';
DR0402-25A000076,th403,th402,UPDATE th403.gatepass_invoice SET status = 'CANCELLED' WHERE id = 20106 and no = 'DR0402-25A000076' and status = 'CREATED';
P0435-25A0000025,th214,th435,UPDATE th214.gatepass_invoice SET status = 'CANCELLED' WHERE id = 1686933 and no = 'P0435-25A0000025' and status = 'CREATED';
P0411-25A0000085,th403,th411,UPDATE th403.gatepass_invoice SET status = 'CANCELLED' WHERE id = 21401 and no = 'P0411-25A0000085' and status = 'CREATED';
DR0428-25A000426,th224,th428,UPDATE th224.gatepass_invoice SET status = 'CANCELLED' WHERE id = 1586494 and no = 'DR0428-25A000426' and status = 'CREATED';
DR0401-25A000045,th425,th401,UPDATE th425.gatepass_invoice SET status = 'CANCELLED' WHERE id = 119532 and no = 'DR0401-25A000045' and status = 'CREATED';
P0401-25A0000150,th428,th401,UPDATE th428.gatepass_invoice SET status = 'CANCELLED' WHERE id = 53829 and no = 'P0401-25A0000150' and status = 'CREATED';
DR0428-25A000374,th224,th428,UPDATE th224.gatepass_invoice SET status = 'CANCELLED' WHERE id = 1578815 and no = 'DR0428-25A000374' and status = 'CREATED';
DR0224-25A000741,th437,th224,UPDATE th437.gatepass_invoice SET status = 'CANCELLED' WHERE id = 839 and no = 'DR0224-25A000741' and status = 'CREATED';
DR0401-25A000040,th424,th401,UPDATE th424.gatepass_invoice SET status = 'CANCELLED' WHERE id = 15906 and no = 'DR0401-25A000040' and status = 'CREATED';
DR0411-25A000063,th402,th411,UPDATE th402.gatepass_invoice SET status = 'CANCELLED' WHERE id = 243726 and no = 'DR0411-25A000063' and status = 'CREATED';
P0213-25A0000009,th429,th213,UPDATE th429.gatepass_invoice SET status = 'CANCELLED' WHERE id = 59429 and no = 'P0213-25A0000009' and status = 'CREATED';
P0429-25A0000076,th435,th429,UPDATE th435.gatepass_invoice SET status = 'CANCELLED' WHERE id = 16476 and no = 'P0429-25A0000076' and status = 'CREATED';
P0413-25A0000309,th429,th413,UPDATE th429.gatepass_invoice SET status = 'CANCELLED' WHERE id = 62125 and no = 'P0413-25A0000309' and status = 'CREATED';
P0213-25A0000014,th429,th213,UPDATE th429.gatepass_invoice SET status = 'CANCELLED' WHERE id = 59434 and no = 'P0213-25A0000014' and status = 'CREATED';
DR0435-25A000399,th214,th435,UPDATE th214.gatepass_invoice SET status = 'CANCELLED' WHERE id = 1683305 and no = 'DR0435-25A000399' and status = 'CREATED';
DR0428-25A000368,th224,th428,UPDATE th224.gatepass_invoice SET status = 'CANCELLED' WHERE id = 1578714 and no = 'DR0428-25A000368' and status = 'CREATED';
DR0428-25A000372,th224,th428,UPDATE th224.gatepass_invoice SET status = 'CANCELLED' WHERE id = 1578770 and no = 'DR0428-25A000372' and status = 'CREATED';
P0429-25A0000075,th214,th429,UPDATE th214.gatepass_invoice SET status = 'CANCELLED' WHERE id = 1691342 and no = 'P0429-25A0000075' and status = 'CREATED';
P0401-25A0000175,th417,th401,UPDATE th417.gatepass_invoice SET status = 'CANCELLED' WHERE id = 30581 and no = 'P0401-25A0000175' and status = 'CREATED';
DR0401-25A000029,th224,th401,UPDATE th224.gatepass_invoice SET status = 'CANCELLED' WHERE id = 1579634 and no = 'DR0401-25A000029' and status = 'CREATED';
DR0401-25A000032,th402,th401,UPDATE th402.gatepass_invoice SET status = 'CANCELLED' WHERE id = 243668 and no = 'DR0401-25A000032' and status = 'CREATED';
P0425-25A0000081,th214,th425,UPDATE th214.gatepass_invoice SET status = 'CANCELLED' WHERE id = 1686835 and no = 'P0425-25A0000081' and status = 'CREATED';
DR0213-25A000019,th435,th213,UPDATE th435.gatepass_invoice SET status = 'CANCELLED' WHERE id = 14957 and no = 'DR0213-25A000019' and status = 'CREATED';
P0401-25A0000171,th424,th401,UPDATE th424.gatepass_invoice SET status = 'CANCELLED' WHERE id = 15904 and no = 'P0401-25A0000171' and status = 'CREATED';
P0425-25A0000100,th205,th425,UPDATE th205.gatepass_invoice SET status = 'CANCELLED' WHERE id = 1351722 and no = 'P0425-25A0000100' and status = 'CREATED';
P0435-25A0000039,th214,th435,UPDATE th214.gatepass_invoice SET status = 'CANCELLED' WHERE id = 1688903 and no = 'P0435-25A0000039' and status = 'CREATED';
P0435-25A0000035,th429,th435,UPDATE th429.gatepass_invoice SET status = 'CANCELLED' WHERE id = 63795 and no = 'P0435-25A0000035' and status = 'CREATED';
P0401-25A0000181,th224,th401,UPDATE th224.gatepass_invoice SET status = 'CANCELLED' WHERE id = 1585283 and no = 'P0401-25A0000181' and status = 'CREATED';
DR0403-25A000021,th411,th403,UPDATE th411.gatepass_invoice SET status = 'CANCELLED' WHERE id = 121960 and no = 'DR0403-25A000021' and status = 'CREATED';
P0401-25A0000179,th425,th401,UPDATE th425.gatepass_invoice SET status = 'CANCELLED' WHERE id = 119533 and no = 'P0401-25A0000179' and status = 'CREATED';
P0435-25A0000041,th214,th435,UPDATE th214.gatepass_invoice SET status = 'CANCELLED' WHERE id = 1688918 and no = 'P0435-25A0000041' and status = 'CREATED';
P0435-25A0000040,th429,th435,UPDATE th429.gatepass_invoice SET status = 'CANCELLED' WHERE id = 63802 and no = 'P0435-25A0000040' and status = 'CREATED';
P0435-25A0000026,th429,th435,UPDATE th429.gatepass_invoice SET status = 'CANCELLED' WHERE id = 63503 and no = 'P0435-25A0000026' and status = 'CREATED';
P0213-25A0000037,th429,th213,UPDATE th429.gatepass_invoice SET status = 'CANCELLED' WHERE id = 59457 and no = 'P0213-25A0000037' and status = 'CREATED';
DR0409-25A000002,th411,th409,UPDATE th411.gatepass_invoice SET status = 'CANCELLED' WHERE id = 119876 and no = 'DR0409-25A000002' and status = 'CREATED';
P0401-25A0000178,th411,th401,UPDATE th411.gatepass_invoice SET status = 'CANCELLED' WHERE id = 123085 and no = 'P0401-25A0000178' and status = 'CREATED';
DR0224-25A000148,th223,th224,UPDATE th223.gatepass_invoice SET status = 'CANCELLED' WHERE id = 8495 and no = 'DR0224-25A000148' and status = 'CREATED';
P0224-25A0000128,th223,th224,UPDATE th223.gatepass_invoice SET status = 'CANCELLED' WHERE id = 8362 and no = 'P0224-25A0000128' and status = 'CREATED';
P0401-25A0000163,th205,th401,UPDATE th205.gatepass_invoice SET status = 'CANCELLED' WHERE id = 1351436 and no = 'P0401-25A0000163' and status = 'CREATED';
DR0224-25A000070,th223,th224,UPDATE th223.gatepass_invoice SET status = 'CANCELLED' WHERE id = 8296 and no = 'DR0224-25A000070' and status = 'CREATED';
DR0413-25A000965,th429,th413,UPDATE th429.gatepass_invoice SET status = 'CANCELLED' WHERE id = 49872 and no = 'DR0413-25A000965' and status = 'CREATED';
DR0224-25A000075,th223,th224,UPDATE th223.gatepass_invoice SET status = 'CANCELLED' WHERE id = 8313 and no = 'DR0224-25A000075' and status = 'CREATED';
PD0407-25A000577,th223,th407,UPDATE th223.gatepass_invoice SET status = 'CANCELLED' WHERE id = 7198 and no = 'PD0407-25A000577' and status = 'CREATED';
DR0224-25A000071,th223,th224,UPDATE th223.gatepass_invoice SET status = 'CANCELLED' WHERE id = 8297 and no = 'DR0224-25A000071' and status = 'CREATED';
P0434-25A0000010,th409,th434,UPDATE th409.gatepass_invoice SET status = 'CANCELLED' WHERE id = 24464 and no = 'P0434-25A0000010' and status = 'CREATED';
P0402-25A0000086,th411,th402,UPDATE th411.gatepass_invoice SET status = 'CANCELLED' WHERE id = 114131 and no = 'P0402-25A0000086' and status = 'CREATED';
P0434-25A0000004,th409,th434,UPDATE th409.gatepass_invoice SET status = 'CANCELLED' WHERE id = 24107 and no = 'P0434-25A0000004' and status = 'CREATED';
DR0224-25A000152,th223,th224,UPDATE th223.gatepass_invoice SET status = 'CANCELLED' WHERE id = 8501 and no = 'DR0224-25A000152' and status = 'CREATED';
P0410-25A0000078,th411,th410,UPDATE th411.gatepass_invoice SET status = 'CANCELLED' WHERE id = 110489 and no = 'P0410-25A0000078' and status = 'CREATED';
DR0417-25A000206,th418,th417,UPDATE th418.gatepass_invoice SET status = 'CANCELLED' WHERE id = 28122 and no = 'DR0417-25A000206' and status = 'CREATED';
DR0401-25A000042,th418,th401,UPDATE th418.gatepass_invoice SET status = 'CANCELLED' WHERE id = 28103 and no = 'DR0401-25A000042' and status = 'CREATED';
DR0224-25A000509,th427,th224,UPDATE th427.gatepass_invoice SET status = 'CANCELLED' WHERE id = 134809 and no = 'DR0224-25A000509' and status = 'CREATED';
U0224-25A0000069,th223,th224,UPDATE th223.gatepass_invoice SET status = 'CANCELLED' WHERE id = 8207 and no = 'U0224-25A0000069' and status = 'CREATED';
P0417-25A0000040,th429,th417,UPDATE th429.gatepass_invoice SET status = 'CANCELLED' WHERE id = 51512 and no = 'P0417-25A0000040' and status = 'CREATED';
U0224-25A0000031,th223,th224,UPDATE th223.gatepass_invoice SET status = 'CANCELLED' WHERE id = 7006 and no = 'U0224-25A0000031' and status = 'CREATED';
PD0406-25A000775,th411,th406,UPDATE th411.gatepass_invoice SET status = 'CANCELLED' WHERE id = 95497 and no = 'PD0406-25A000775' and status = 'CREATED';
DR0421-25A000020,th429,th421,UPDATE th429.gatepass_invoice SET status = 'CANCELLED' WHERE id = 62123 and no = 'DR0421-25A000020' and status = 'CREATED';
U0224-25A0000036,th223,th224,UPDATE th223.gatepass_invoice SET status = 'CANCELLED' WHERE id = 8200 and no = 'U0224-25A0000036' and status = 'CREATED';
P0434-25A0000008,th409,th434,UPDATE th409.gatepass_invoice SET status = 'CANCELLED' WHERE id = 24455 and no = 'P0434-25A0000008' and status = 'CREATED';
PD0214-25A006033,th223,th214,UPDATE th223.gatepass_invoice SET status = 'CANCELLED' WHERE id = 6774 and no = 'PD0214-25A006033' and status = 'CREATED';
DR0435-25A000456,th418,th435,UPDATE th418.gatepass_invoice SET status = 'CANCELLED' WHERE id = 28097 and no = 'DR0435-25A000456' and status = 'CREATED';
PD0407-25A000610,th223,th407,UPDATE th223.gatepass_invoice SET status = 'CANCELLED' WHERE id = 7337 and no = 'PD0407-25A000610' and status = 'CREATED';
PD0224-25A003847,th223,th224,UPDATE th223.gatepass_invoice SET status = 'CANCELLED' WHERE id = 8182 and no = 'PD0224-25A003847' and status = 'CREATED';
U0413-25A0000047,th214,th413,UPDATE th214.gatepass_invoice SET status = 'CANCELLED' WHERE id = 1611039 and no = 'U0413-25A0000047' and status = 'CREATED';
P0224-25A0000178,th223,th224,UPDATE th223.gatepass_invoice SET status = 'CANCELLED' WHERE id = 11801 and no = 'P0224-25A0000178' and status = 'CREATED';
U0224-25A0000020,th223,th224,UPDATE th223.gatepass_invoice SET status = 'CANCELLED' WHERE id = 8191 and no = 'U0224-25A0000020' and status = 'CREATED';
P0411-25A0000052,th402,th411,UPDATE th402.gatepass_invoice SET status = 'CANCELLED' WHERE id = 230928 and no = 'P0411-25A0000052' and status = 'CREATED';
DR0408-25A000107,th418,th408,UPDATE th418.gatepass_invoice SET status = 'CANCELLED' WHERE id = 26506 and no = 'DR0408-25A000107' and status = 'CREATED';
P0434-25A0000002,th409,th434,UPDATE th409.gatepass_invoice SET status = 'CANCELLED' WHERE id = 24068 and no = 'P0434-25A0000002' and status = 'CREATED';
P0213-25A0000060,th429,th213,UPDATE th429.gatepass_invoice SET status = 'CANCELLED' WHERE id = 61403 and no = 'P0213-25A0000060' and status = 'CREATED';
DR0224-25A000140,th223,th224,UPDATE th223.gatepass_invoice SET status = 'CANCELLED' WHERE id = 8489 and no = 'DR0224-25A000140' and status = 'CREATED';
U0224-25A0000008,th223,th224,UPDATE th223.gatepass_invoice SET status = 'CANCELLED' WHERE id = 8188 and no = 'U0224-25A0000008' and status = 'CREATED';
P0429-25A0000074,th421,th429,UPDATE th421.gatepass_invoice SET status = 'CANCELLED' WHERE id = 9627 and no = 'P0429-25A0000074' and status = 'CREATED';
P0224-25A0000530,th427,th224,UPDATE th427.gatepass_invoice SET status = 'CANCELLED' WHERE id = 136416 and no = 'P0224-25A0000530' and status = 'CREATED';
P0411-25A0000050,th402,th411,UPDATE th402.gatepass_invoice SET status = 'CANCELLED' WHERE id = 230693 and no = 'P0411-25A0000050' and status = 'CREATED';
P0224-25A0000377,th428,th224,UPDATE th428.gatepass_invoice SET status = 'CANCELLED' WHERE id = 54833 and no = 'P0224-25A0000377' and status = 'CREATED';
DR0424-25A000006,th418,th424,UPDATE th418.gatepass_invoice SET status = 'CANCELLED' WHERE id = 24868 and no = 'DR0424-25A000006' and status = 'CREATED';
P0434-25A0000003,th409,th434,UPDATE th409.gatepass_invoice SET status = 'CANCELLED' WHERE id = 24077 and no = 'P0434-25A0000003' and status = 'CREATED';
DR0435-25A000444,th418,th435,UPDATE th418.gatepass_invoice SET status = 'CANCELLED' WHERE id = 28091 and no = 'DR0435-25A000444' and status = 'CREATED';
DR0214-25A002594,th417,th214,UPDATE th417.gatepass_invoice SET status = 'CANCELLED' WHERE id = 29645 and no = 'DR0214-25A002594' and status = 'CREATED';
DR0224-25A000109,th223,th224,UPDATE th223.gatepass_invoice SET status = 'CANCELLED' WHERE id = 8359 and no = 'DR0224-25A000109' and status = 'CREATED';
U0224-25A0000078,th223,th224,UPDATE th223.gatepass_invoice SET status = 'CANCELLED' WHERE id = 7472 and no = 'U0224-25A0000078' and status = 'CREATED';
P0425-25A0000046,th427,th425,UPDATE th427.gatepass_invoice SET status = 'CANCELLED' WHERE id = 126503 and no = 'P0425-25A0000046' and status = 'CREATED';
P0428-25A0000554,th224,th428,UPDATE th224.gatepass_invoice SET status = 'CANCELLED' WHERE id = 1578715 and no = 'P0428-25A0000554' and status = 'CREATED';
U0224-25A0000073,th223,th224,UPDATE th223.gatepass_invoice SET status = 'CANCELLED' WHERE id = 8210 and no = 'U0224-25A0000073' and status = 'CREATED';
P0428-25A0000566,th224,th428,UPDATE th224.gatepass_invoice SET status = 'CANCELLED' WHERE id = 1578769 and no = 'P0428-25A0000566' and status = 'CREATED';
DR0224-25A000068,th223,th224,UPDATE th223.gatepass_invoice SET status = 'CANCELLED' WHERE id = 7635 and no = 'DR0224-25A000068' and status = 'CREATED';
U0224-25A0000062,th223,th224,UPDATE th223.gatepass_invoice SET status = 'CANCELLED' WHERE id = 7411 and no = 'U0224-25A0000062' and status = 'CREATED';
U0406-25A0000001,th205,th406,UPDATE th205.gatepass_invoice SET status = 'CANCELLED' WHERE id = 1289788 and no = 'U0406-25A0000001' and status = 'CREATED';
DR0428-25A000013,th223,th428,UPDATE th223.gatepass_invoice SET status = 'CANCELLED' WHERE id = 7424 and no = 'DR0428-25A000013' and status = 'CREATED';
PD0406-25A000516,th205,th406,UPDATE th205.gatepass_invoice SET status = 'CANCELLED' WHERE id = 1305398 and no = 'PD0406-25A000516' and status = 'CREATED';
DR0224-25A000111,th223,th224,UPDATE th223.gatepass_invoice SET status = 'CANCELLED' WHERE id = 8364 and no = 'DR0224-25A000111' and status = 'CREATED';
PD0224-25A004263,th223,th224,UPDATE th223.gatepass_invoice SET status = 'CANCELLED' WHERE id = 6626 and no = 'PD0224-25A004263' and status = 'CREATED';
DR0434-25A000008,th410,th434,UPDATE th410.gatepass_invoice SET status = 'CANCELLED' WHERE id = 33061 and no = 'DR0434-25A000008' and status = 'CREATED';
DR0411-25A000015,th403,th411,UPDATE th403.gatepass_invoice SET status = 'CANCELLED' WHERE id = 21211 and no = 'DR0411-25A000015' and status = 'CREATED';
PD0406-25A000567,th205,th406,UPDATE th205.gatepass_invoice SET status = 'CANCELLED' WHERE id = 1289880 and no = 'PD0406-25A000567' and status = 'CREATED';
DR0224-25A000091,th223,th224,UPDATE th223.gatepass_invoice SET status = 'CANCELLED' WHERE id = 8336 and no = 'DR0224-25A000091' and status = 'CREATED';
U0224-25A0000065,th223,th224,UPDATE th223.gatepass_invoice SET status = 'CANCELLED' WHERE id = 7421 and no = 'U0224-25A0000065' and status = 'CREATED';
U0224-25A0000086,th425,th224,UPDATE th425.gatepass_invoice SET status = 'CANCELLED' WHERE id = 112737 and no = 'U0224-25A0000086' and status = 'CREATED';
P0224-25A0000195,th427,th224,UPDATE th427.gatepass_invoice SET status = 'CANCELLED' WHERE id = 123266 and no = 'P0224-25A0000195' and status = 'CREATED';
U0224-25A0000047,th223,th224,UPDATE th223.gatepass_invoice SET status = 'CANCELLED' WHERE id = 7240 and no = 'U0224-25A0000047' and status = 'CREATED';
P0434-25A0000009,th410,th434,UPDATE th410.gatepass_invoice SET status = 'CANCELLED' WHERE id = 33364 and no = 'P0434-25A0000009' and status = 'CREATED';
DR0428-25A000063,th223,th428,UPDATE th223.gatepass_invoice SET status = 'CANCELLED' WHERE id = 7637 and no = 'DR0428-25A000063' and status = 'CREATED';
U0428-25A0000001,th223,th428,UPDATE th223.gatepass_invoice SET status = 'CANCELLED' WHERE id = 7160 and no = 'U0428-25A0000001' and status = 'CREATED';
DR0421-25A000006,th429,th421,UPDATE th429.gatepass_invoice SET status = 'CANCELLED' WHERE id = 49880 and no = 'DR0421-25A000006' and status = 'CREATED';
P0411-25A0000087,th409,th411,UPDATE th409.gatepass_invoice SET status = 'CANCELLED' WHERE id = 23864 and no = 'P0411-25A0000087' and status = 'CREATED';
PD0224-25A003991,th223,th224,UPDATE th223.gatepass_invoice SET status = 'CANCELLED' WHERE id = 6456 and no = 'PD0224-25A003991' and status = 'CREATED';
U0424-25A0000004,th430,th424,UPDATE th430.gatepass_invoice SET status = 'CANCELLED' WHERE id = 24508 and no = 'U0424-25A0000004' and status = 'CREATED';
U0224-25A0000072,th223,th224,UPDATE th223.gatepass_invoice SET status = 'CANCELLED' WHERE id = 7456 and no = 'U0224-25A0000072' and status = 'CREATED';
DR0413-25A001218,th418,th413,UPDATE th418.gatepass_invoice SET status = 'CANCELLED' WHERE id = 27866 and no = 'DR0413-25A001218' and status = 'CREATED';
DR0428-25A000001,th223,th428,UPDATE th223.gatepass_invoice SET status = 'CANCELLED' WHERE id = 7389 and no = 'DR0428-25A000001' and status = 'CREATED';
PD0224-25A004445,th223,th224,UPDATE th223.gatepass_invoice SET status = 'CANCELLED' WHERE id = 6852 and no = 'PD0224-25A004445' and status = 'CREATED';
P0428-25A0000534,th224,th428,UPDATE th224.gatepass_invoice SET status = 'CANCELLED' WHERE id = 1563342 and no = 'P0428-25A0000534' and status = 'CREATED';
P0224-25A0000375,th428,th224,UPDATE th428.gatepass_invoice SET status = 'CANCELLED' WHERE id = 54748 and no = 'P0224-25A0000375' and status = 'CREATED';
U0428-25A0000025,th223,th428,UPDATE th223.gatepass_invoice SET status = 'CANCELLED' WHERE id = 7267 and no = 'U0428-25A0000025' and status = 'CREATED';
P0411-25A0000082,th402,th411,UPDATE th402.gatepass_invoice SET status = 'CANCELLED' WHERE id = 235156 and no = 'P0411-25A0000082' and status = 'CREATED';
DR0224-25A000738,th406,th224,UPDATE th406.gatepass_invoice SET status = 'CANCELLED' WHERE id = 34252 and no = 'DR0224-25A000738' and status = 'CREATED';
DR0224-25A000053,th223,th224,UPDATE th223.gatepass_invoice SET status = 'CANCELLED' WHERE id = 7458 and no = 'DR0224-25A000053' and status = 'CREATED';
DR0406-25A000221,th427,th406,UPDATE th427.gatepass_invoice SET status = 'CANCELLED' WHERE id = 135791 and no = 'DR0406-25A000221' and status = 'CREATED';
U0428-25A0000020,th223,th428,UPDATE th223.gatepass_invoice SET status = 'CANCELLED' WHERE id = 7256 and no = 'U0428-25A0000020' and status = 'CREATED';
PD0224-25A005065,th223,th224,UPDATE th223.gatepass_invoice SET status = 'CANCELLED' WHERE id = 7365 and no = 'PD0224-25A005065' and status = 'CREATED';
PD0406-25A000550,th223,th406,UPDATE th223.gatepass_invoice SET status = 'CANCELLED' WHERE id = 6577 and no = 'PD0406-25A000550' and status = 'CREATED';
PD0407-25A000609,th223,th407,UPDATE th223.gatepass_invoice SET status = 'CANCELLED' WHERE id = 7336 and no = 'PD0407-25A000609' and status = 'CREATED';
PD0205-25A002877,th223,th205,UPDATE th223.gatepass_invoice SET status = 'CANCELLED' WHERE id = 6812 and no = 'PD0205-25A002877' and status = 'CREATED';
PD0205-25A002874,th223,th205,UPDATE th223.gatepass_invoice SET status = 'CANCELLED' WHERE id = 6809 and no = 'PD0205-25A002874' and status = 'CREATED';
DR0413-25A001184,th429,th413,UPDATE th429.gatepass_invoice SET status = 'CANCELLED' WHERE id = 57493 and no = 'DR0413-25A001184' and status = 'CREATED';
PD0224-25A004360,th223,th224,UPDATE th223.gatepass_invoice SET status = 'CANCELLED' WHERE id = 6689 and no = 'PD0224-25A004360' and status = 'CREATED';
PD0417-25A000145,th214,th417,UPDATE th214.gatepass_invoice SET status = 'CANCELLED' WHERE id = 1584396 and no = 'PD0417-25A000145' and status = 'CREATED';
DR0406-25A000021,th411,th406,UPDATE th411.gatepass_invoice SET status = 'CANCELLED' WHERE id = 100827 and no = 'DR0406-25A000021' and status = 'CREATED';
U0224-25A0000056,th223,th224,UPDATE th223.gatepass_invoice SET status = 'CANCELLED' WHERE id = 7359 and no = 'U0224-25A0000056' and status = 'CREATED';
PD0407-25A000578,th223,th407,UPDATE th223.gatepass_invoice SET status = 'CANCELLED' WHERE id = 7199 and no = 'PD0407-25A000578' and status = 'CREATED';
P0409-25A0000017,th411,th409,UPDATE th411.gatepass_invoice SET status = 'CANCELLED' WHERE id = 119854 and no = 'P0409-25A0000017' and status = 'CREATED';
DR0428-25A000015,th223,th428,UPDATE th223.gatepass_invoice SET status = 'CANCELLED' WHERE id = 7443 and no = 'DR0428-25A000015' and status = 'CREATED';
U0224-25A0000024,th223,th224,UPDATE th223.gatepass_invoice SET status = 'CANCELLED' WHERE id = 8195 and no = 'U0224-25A0000024' and status = 'CREATED';
P0224-25A0000373,th428,th224,UPDATE th428.gatepass_invoice SET status = 'CANCELLED' WHERE id = 54964 and no = 'P0224-25A0000373' and status = 'CREATED';
P0224-25A0000202,th425,th224,UPDATE th425.gatepass_invoice SET status = 'CANCELLED' WHERE id = 116823 and no = 'P0224-25A0000202' and status = 'CREATED';
DR0224-25A000064,th223,th224,UPDATE th223.gatepass_invoice SET status = 'CANCELLED' WHERE id = 7481 and no = 'DR0224-25A000064' and status = 'CREATED';
U0301-25A0000016,th214,th301,UPDATE th214.gatepass_invoice SET status = 'CANCELLED' WHERE id = 1591136 and no = 'U0301-25A0000016' and status = 'CREATED';
DR0405-25A000071,th427,th405,UPDATE th427.gatepass_invoice SET status = 'CANCELLED' WHERE id = 135094 and no = 'DR0405-25A000071' and status = 'CREATED';
U0224-25A0000019,th223,th224,UPDATE th223.gatepass_invoice SET status = 'CANCELLED' WHERE id = 6928 and no = 'U0224-25A0000019' and status = 'CREATED';
PD0429-25A000661,th401,th429,UPDATE th401.gatepass_invoice SET status = 'CANCELLED' WHERE id = 44649 and no = 'PD0429-25A000661' and status = 'CREATED';
U0224-25A0000074,th223,th224,UPDATE th223.gatepass_invoice SET status = 'CANCELLED' WHERE id = 8211 and no = 'U0224-25A0000074' and status = 'CREATED';
DR0224-25A000529,th401,th224,UPDATE th401.gatepass_invoice SET status = 'CANCELLED' WHERE id = 53059 and no = 'DR0224-25A000529' and status = 'CREATED';
U0428-25A0000012,th223,th428,UPDATE th223.gatepass_invoice SET status = 'CANCELLED' WHERE id = 7245 and no = 'U0428-25A0000012' and status = 'CREATED';
DR0224-25A000101,th223,th224,UPDATE th223.gatepass_invoice SET status = 'CANCELLED' WHERE id = 8354 and no = 'DR0224-25A000101' and status = 'CREATED';
DR0224-25A000055,th223,th224,UPDATE th223.gatepass_invoice SET status = 'CANCELLED' WHERE id = 7463 and no = 'DR0224-25A000055' and status = 'CREATED';
PD0406-25A000699,th223,th406,UPDATE th223.gatepass_invoice SET status = 'CANCELLED' WHERE id = 7041 and no = 'PD0406-25A000699' and status = 'CREATED';
PD0224-25A004369,th223,th224,UPDATE th223.gatepass_invoice SET status = 'CANCELLED' WHERE id = 6690 and no = 'PD0224-25A004369' and status = 'CREATED';
P0402-25A0000085,th411,th402,UPDATE th411.gatepass_invoice SET status = 'CANCELLED' WHERE id = 114130 and no = 'P0402-25A0000085' and status = 'CREATED';
DR0428-25A000048,th223,th428,UPDATE th223.gatepass_invoice SET status = 'CANCELLED' WHERE id = 7589 and no = 'DR0428-25A000048' and status = 'CREATED';
PD0424-25A000128,th430,th424,UPDATE th430.gatepass_invoice SET status = 'CANCELLED' WHERE id = 24509 and no = 'PD0424-25A000128' and status = 'CREATED';
U0224-25A0000059,th223,th224,UPDATE th223.gatepass_invoice SET status = 'CANCELLED' WHERE id = 8204 and no = 'U0224-25A0000059' and status = 'CREATED';
P0429-25A0000045,th435,th429,UPDATE th435.gatepass_invoice SET status = 'CANCELLED' WHERE id = 13834 and no = 'P0429-25A0000045' and status = 'CREATED';
DR0413-25A000891,th214,th413,UPDATE th214.gatepass_invoice SET status = 'CANCELLED' WHERE id = 1604839 and no = 'DR0413-25A000891' and status = 'CREATED';
DR0224-25A000107,th223,th224,UPDATE th223.gatepass_invoice SET status = 'CANCELLED' WHERE id = 8356 and no = 'DR0224-25A000107' and status = 'CREATED';
U0428-25A0000078,th223,th428,UPDATE th223.gatepass_invoice SET status = 'CANCELLED' WHERE id = 7514 and no = 'U0428-25A0000078' and status = 'CREATED';
U0224-25A0000027,th223,th224,UPDATE th223.gatepass_invoice SET status = 'CANCELLED' WHERE id = 6960 and no = 'U0224-25A0000027' and status = 'CREATED';
PD0406-25A000645,th223,th406,UPDATE th223.gatepass_invoice SET status = 'CANCELLED' WHERE id = 6936 and no = 'PD0406-25A000645' and status = 'CREATED';
U0428-25A0000028,th223,th428,UPDATE th223.gatepass_invoice SET status = 'CANCELLED' WHERE id = 7282 and no = 'U0428-25A0000028' and status = 'CREATED';
DR0413-25A000967,th214,th413,UPDATE th214.gatepass_invoice SET status = 'CANCELLED' WHERE id = 1615259 and no = 'DR0413-25A000967' and status = 'CREATED';
PD0407-25A000576,th223,th407,UPDATE th223.gatepass_invoice SET status = 'CANCELLED' WHERE id = 7197 and no = 'PD0407-25A000576' and status = 'CREATED';
PD0407-25A000580,th223,th407,UPDATE th223.gatepass_invoice SET status = 'CANCELLED' WHERE id = 7200 and no = 'PD0407-25A000580' and status = 'CREATED';
PD0408-25A000837,th223,th408,UPDATE th223.gatepass_invoice SET status = 'CANCELLED' WHERE id = 6431 and no = 'PD0408-25A000837' and status = 'CREATED';
U0224-25A0000009,th223,th224,UPDATE th223.gatepass_invoice SET status = 'CANCELLED' WHERE id = 6855 and no = 'U0224-25A0000009' and status = 'CREATED';
PD0205-25A002357,th401,th205,UPDATE th401.gatepass_invoice SET status = 'CANCELLED' WHERE id = 46966 and no = 'PD0205-25A002357' and status = 'CREATED';
PD0406-25A000521,th223,th406,UPDATE th223.gatepass_invoice SET status = 'CANCELLED' WHERE id = 6550 and no = 'PD0406-25A000521' and status = 'CREATED';
U0428-25A0000014,th223,th428,UPDATE th223.gatepass_invoice SET status = 'CANCELLED' WHERE id = 7247 and no = 'U0428-25A0000014' and status = 'CREATED';
DR0224-25A000100,th223,th224,UPDATE th223.gatepass_invoice SET status = 'CANCELLED' WHERE id = 8351 and no = 'DR0224-25A000100' and status = 'CREATED';
DR0406-25A000156,th205,th406,UPDATE th205.gatepass_invoice SET status = 'CANCELLED' WHERE id = 1339477 and no = 'DR0406-25A000156' and status = 'CREATED';
U0428-25A0000034,th223,th428,UPDATE th223.gatepass_invoice SET status = 'CANCELLED' WHERE id = 7292 and no = 'U0428-25A0000034' and status = 'CREATED';
DR0425-25A000021,th223,th425,UPDATE th223.gatepass_invoice SET status = 'CANCELLED' WHERE id = 8387 and no = 'DR0425-25A000021' and status = 'CREATED';
PD0224-25A004685,th223,th224,UPDATE th223.gatepass_invoice SET status = 'CANCELLED' WHERE id = 7043 and no = 'PD0224-25A004685' and status = 'CREATED';
DR0224-25A000654,th418,th224,UPDATE th418.gatepass_invoice SET status = 'CANCELLED' WHERE id = 28105 and no = 'DR0224-25A000654' and status = 'CREATED';
U0224-25A0000033,th223,th224,UPDATE th223.gatepass_invoice SET status = 'CANCELLED' WHERE id = 8198 and no = 'U0224-25A0000033' and status = 'CREATED';
U0224-25A0000060,th223,th224,UPDATE th223.gatepass_invoice SET status = 'CANCELLED' WHERE id = 8205 and no = 'U0224-25A0000060' and status = 'CREATED';
P0425-25A0000076,th427,th425,UPDATE th427.gatepass_invoice SET status = 'CANCELLED' WHERE id = 134714 and no = 'P0425-25A0000076' and status = 'CREATED';
PD0407-25A000583,th223,th407,UPDATE th223.gatepass_invoice SET status = 'CANCELLED' WHERE id = 7202 and no = 'PD0407-25A000583' and status = 'CREATED';
U0428-25A0000070,th223,th428,UPDATE th223.gatepass_invoice SET status = 'CANCELLED' WHERE id = 7928 and no = 'U0428-25A0000070' and status = 'CREATED';
P0213-25A0000036,th429,th213,UPDATE th429.gatepass_invoice SET status = 'CANCELLED' WHERE id = 59456 and no = 'P0213-25A0000036' and status = 'CREATED';
U0428-25A0000006,th223,th428,UPDATE th223.gatepass_invoice SET status = 'CANCELLED' WHERE id = 7193 and no = 'U0428-25A0000006' and status = 'CREATED';
PD0406-25A000559,th223,th406,UPDATE th223.gatepass_invoice SET status = 'CANCELLED' WHERE id = 6579 and no = 'PD0406-25A000559' and status = 'CREATED';
DR0224-25A000134,th223,th224,UPDATE th223.gatepass_invoice SET status = 'CANCELLED' WHERE id = 8475 and no = 'DR0224-25A000134' and status = 'CREATED';
PD0224-25A004550,th223,th224,UPDATE th223.gatepass_invoice SET status = 'CANCELLED' WHERE id = 6959 and no = 'PD0224-25A004550' and status = 'CREATED';
DR0421-25A000024,th435,th421,UPDATE th435.gatepass_invoice SET status = 'CANCELLED' WHERE id = 15970 and no = 'DR0421-25A000024' and status = 'CREATED';
PD0407-25A000575,th223,th407,UPDATE th223.gatepass_invoice SET status = 'CANCELLED' WHERE id = 7196 and no = 'PD0407-25A000575' and status = 'CREATED';
PD0406-25A000502,th223,th406,UPDATE th223.gatepass_invoice SET status = 'CANCELLED' WHERE id = 6471 and no = 'PD0406-25A000502' and status = 'CREATED';
DR0425-25A000018,th223,th425,UPDATE th223.gatepass_invoice SET status = 'CANCELLED' WHERE id = 8384 and no = 'DR0425-25A000018' and status = 'CREATED';
U0428-25A0000053,th223,th428,UPDATE th223.gatepass_invoice SET status = 'CANCELLED' WHERE id = 7355 and no = 'U0428-25A0000053' and status = 'CREATED';
DR0428-25A000056,th223,th428,UPDATE th223.gatepass_invoice SET status = 'CANCELLED' WHERE id = 7633 and no = 'DR0428-25A000056' and status = 'CREATED';
PD0425-25A002126,th401,th425,UPDATE th401.gatepass_invoice SET status = 'CANCELLED' WHERE id = 44891 and no = 'PD0425-25A002126' and status = 'CREATED';
DR0214-25A002942,th435,th214,UPDATE th435.gatepass_invoice SET status = 'CANCELLED' WHERE id = 14336 and no = 'DR0214-25A002942' and status = 'CREATED';
DR0428-25A000046,th223,th428,UPDATE th223.gatepass_invoice SET status = 'CANCELLED' WHERE id = 7576 and no = 'DR0428-25A000046' and status = 'CREATED';
P0428-25A0000580,th427,th428,UPDATE th427.gatepass_invoice SET status = 'CANCELLED' WHERE id = 135510 and no = 'P0428-25A0000580' and status = 'CREATED';
U0428-25A0000036,th223,th428,UPDATE th223.gatepass_invoice SET status = 'CANCELLED' WHERE id = 7293 and no = 'U0428-25A0000036' and status = 'CREATED';
PD0224-25A003939,th223,th224,UPDATE th223.gatepass_invoice SET status = 'CANCELLED' WHERE id = 6407 and no = 'PD0224-25A003939' and status = 'CREATED';
PD0224-25A004381,th223,th224,UPDATE th223.gatepass_invoice SET status = 'CANCELLED' WHERE id = 6693 and no = 'PD0224-25A004381' and status = 'CREATED';
P0224-25A0000372,th428,th224,UPDATE th428.gatepass_invoice SET status = 'CANCELLED' WHERE id = 54965 and no = 'P0224-25A0000372' and status = 'CREATED';
DR0224-25A000139,th223,th224,UPDATE th223.gatepass_invoice SET status = 'CANCELLED' WHERE id = 8485 and no = 'DR0224-25A000139' and status = 'CREATED';
PD0224-25A004799,th223,th224,UPDATE th223.gatepass_invoice SET status = 'CANCELLED' WHERE id = 7111 and no = 'PD0224-25A004799' and status = 'CREATED';
PD0224-25A004232,th223,th224,UPDATE th223.gatepass_invoice SET status = 'CANCELLED' WHERE id = 6590 and no = 'PD0224-25A004232' and status = 'CREATED';
PD0425-25A001958,th401,th425,UPDATE th401.gatepass_invoice SET status = 'CANCELLED' WHERE id = 47014 and no = 'PD0425-25A001958' and status = 'CREATED';
DR0425-25A000036,th223,th425,UPDATE th223.gatepass_invoice SET status = 'CANCELLED' WHERE id = 8492 and no = 'DR0425-25A000036' and status = 'CREATED';
U0224-25A0000012,th223,th224,UPDATE th223.gatepass_invoice SET status = 'CANCELLED' WHERE id = 8189 and no = 'U0224-25A0000012' and status = 'CREATED';
DR0205-25A000011,th223,th205,UPDATE th223.gatepass_invoice SET status = 'CANCELLED' WHERE id = 7397 and no = 'DR0205-25A000011' and status = 'CREATED';
PD0407-25A000587,th223,th407,UPDATE th223.gatepass_invoice SET status = 'CANCELLED' WHERE id = 7206 and no = 'PD0407-25A000587' and status = 'CREATED';
DR0428-25A000006,th223,th428,UPDATE th223.gatepass_invoice SET status = 'CANCELLED' WHERE id = 7405 and no = 'DR0428-25A000006' and status = 'CREATED';
U0224-25A0000032,th223,th224,UPDATE th223.gatepass_invoice SET status = 'CANCELLED' WHERE id = 7007 and no = 'U0224-25A0000032' and status = 'CREATED';
DR0224-25A000040,th223,th224,UPDATE th223.gatepass_invoice SET status = 'CANCELLED' WHERE id = 7449 and no = 'DR0224-25A000040' and status = 'CREATED';
DR0428-25A000020,th223,th428,UPDATE th223.gatepass_invoice SET status = 'CANCELLED' WHERE id = 7516 and no = 'DR0428-25A000020' and status = 'CREATED';
PD0408-25A000828,th223,th408,UPDATE th223.gatepass_invoice SET status = 'CANCELLED' WHERE id = 6425 and no = 'PD0408-25A000828' and status = 'CREATED';
PD0224-25A003979,th223,th224,UPDATE th223.gatepass_invoice SET status = 'CANCELLED' WHERE id = 8183 and no = 'PD0224-25A003979' and status = 'CREATED';
DR0213-25A000020,th435,th213,UPDATE th435.gatepass_invoice SET status = 'CANCELLED' WHERE id = 14958 and no = 'DR0213-25A000020' and status = 'CREATED';
DR0428-25A000054,th223,th428,UPDATE th223.gatepass_invoice SET status = 'CANCELLED' WHERE id = 7631 and no = 'DR0428-25A000054' and status = 'CREATED';
P0411-25A0000051,th402,th411,UPDATE th402.gatepass_invoice SET status = 'CANCELLED' WHERE id = 230847 and no = 'P0411-25A0000051' and status = 'CREATED';
DR0224-25A000051,th223,th224,UPDATE th223.gatepass_invoice SET status = 'CANCELLED' WHERE id = 7457 and no = 'DR0224-25A000051' and status = 'CREATED';
P0428-25A0000545,th224,th428,UPDATE th224.gatepass_invoice SET status = 'CANCELLED' WHERE id = 1567582 and no = 'P0428-25A0000545' and status = 'CREATED';
PD0406-25A000539,th205,th406,UPDATE th205.gatepass_invoice SET status = 'CANCELLED' WHERE id = 1305400 and no = 'PD0406-25A000539' and status = 'CREATED';
U0428-25A0000007,th223,th428,UPDATE th223.gatepass_invoice SET status = 'CANCELLED' WHERE id = 7194 and no = 'U0428-25A0000007' and status = 'CREATED';
U0224-25A0000087,th424,th224,UPDATE th424.gatepass_invoice SET status = 'CANCELLED' WHERE id = 15503 and no = 'U0224-25A0000087' and status = 'CREATED';
U0428-25A0000064,th223,th428,UPDATE th223.gatepass_invoice SET status = 'CANCELLED' WHERE id = 7367 and no = 'U0428-25A0000064' and status = 'CREATED';
P0224-25A0000084,th223,th224,UPDATE th223.gatepass_invoice SET status = 'CANCELLED' WHERE id = 7328 and no = 'P0224-25A0000084' and status = 'CREATED';
P0413-25A0000120,th214,th413,UPDATE th214.gatepass_invoice SET status = 'CANCELLED' WHERE id = 1587409 and no = 'P0413-25A0000120' and status = 'CREATED';
U0428-25A0000072,th223,th428,UPDATE th223.gatepass_invoice SET status = 'CANCELLED' WHERE id = 7490 and no = 'U0428-25A0000072' and status = 'CREATED';
PD0406-25A000740,th223,th406,UPDATE th223.gatepass_invoice SET status = 'CANCELLED' WHERE id = 7083 and no = 'PD0406-25A000740' and status = 'CREATED';
PD0205-25A002765,th223,th205,UPDATE th223.gatepass_invoice SET status = 'CANCELLED' WHERE id = 6661 and no = 'PD0205-25A002765' and status = 'CREATED';
P0408-25A0000116,th411,th408,UPDATE th411.gatepass_invoice SET status = 'CANCELLED' WHERE id = 118850 and no = 'P0408-25A0000116' and status = 'CREATED';
U0224-25A0000041,th223,th224,UPDATE th223.gatepass_invoice SET status = 'CANCELLED' WHERE id = 7116 and no = 'U0224-25A0000041' and status = 'CREATED';
DR0224-25A000093,th223,th224,UPDATE th223.gatepass_invoice SET status = 'CANCELLED' WHERE id = 8339 and no = 'DR0224-25A000093' and status = 'CREATED';
U0428-25A0000056,th223,th428,UPDATE th223.gatepass_invoice SET status = 'CANCELLED' WHERE id = 7356 and no = 'U0428-25A0000056' and status = 'CREATED';
DR0425-25A000044,th223,th425,UPDATE th223.gatepass_invoice SET status = 'CANCELLED' WHERE id = 8498 and no = 'DR0425-25A000044' and status = 'CREATED';
PD0224-25A004174,th223,th224,UPDATE th223.gatepass_invoice SET status = 'CANCELLED' WHERE id = 6521 and no = 'PD0224-25A004174' and status = 'CREATED';
PD0214-25A005258,th223,th214,UPDATE th223.gatepass_invoice SET status = 'CANCELLED' WHERE id = 6455 and no = 'PD0214-25A005258' and status = 'CREATED';
U0224-25A0000057,th223,th224,UPDATE th223.gatepass_invoice SET status = 'CANCELLED' WHERE id = 7362 and no = 'U0224-25A0000057' and status = 'CREATED';
DR0424-25A000007,th401,th424,UPDATE th401.gatepass_invoice SET status = 'CANCELLED' WHERE id = 47968 and no = 'DR0424-25A000007' and status = 'CREATED';
U0224-25A0000017,th223,th224,UPDATE th223.gatepass_invoice SET status = 'CANCELLED' WHERE id = 8190 and no = 'U0224-25A0000017' and status = 'CREATED';
U0428-25A0000031,th223,th428,UPDATE th223.gatepass_invoice SET status = 'CANCELLED' WHERE id = 7290 and no = 'U0428-25A0000031' and status = 'CREATED';
DR0205-25A000007,th223,th205,UPDATE th223.gatepass_invoice SET status = 'CANCELLED' WHERE id = 7394 and no = 'DR0205-25A000007' and status = 'CREATED';
DR0408-25A000074,th411,th408,UPDATE th411.gatepass_invoice SET status = 'CANCELLED' WHERE id = 114429 and no = 'DR0408-25A000074' and status = 'CREATED';
DR0428-25A000045,th223,th428,UPDATE th223.gatepass_invoice SET status = 'CANCELLED' WHERE id = 7575 and no = 'DR0428-25A000045' and status = 'CREATED';
P0428-25A0000528,th427,th428,UPDATE th427.gatepass_invoice SET status = 'CANCELLED' WHERE id = 124461 and no = 'P0428-25A0000528' and status = 'CREATED';
PD0205-25A002883,th223,th205,UPDATE th223.gatepass_invoice SET status = 'CANCELLED' WHERE id = 6821 and no = 'PD0205-25A002883' and status = 'CREATED';
DR0417-25A000095,th436,th417,UPDATE th436.gatepass_invoice SET status = 'CANCELLED' WHERE id = 3507 and no = 'DR0417-25A000095' and status = 'CREATED';
DR0413-25A000952,th214,th413,UPDATE th214.gatepass_invoice SET status = 'CANCELLED' WHERE id = 1614858 and no = 'DR0413-25A000952' and status = 'CREATED';
DR0428-25A000007,th223,th428,UPDATE th223.gatepass_invoice SET status = 'CANCELLED' WHERE id = 7406 and no = 'DR0428-25A000007' and status = 'CREATED';
DR0214-25A001738,th435,th214,UPDATE th435.gatepass_invoice SET status = 'CANCELLED' WHERE id = 12769 and no = 'DR0214-25A001738' and status = 'CREATED';
DR0425-25A000037,th223,th425,UPDATE th223.gatepass_invoice SET status = 'CANCELLED' WHERE id = 8493 and no = 'DR0425-25A000037' and status = 'CREATED';
DR0214-25A002939,th435,th214,UPDATE th435.gatepass_invoice SET status = 'CANCELLED' WHERE id = 14334 and no = 'DR0214-25A002939' and status = 'CREATED';
PD0425-25A001987,th223,th425,UPDATE th223.gatepass_invoice SET status = 'CANCELLED' WHERE id = 8151 and no = 'PD0425-25A001987' and status = 'CREATED';
U0224-25A0000034,th223,th224,UPDATE th223.gatepass_invoice SET status = 'CANCELLED' WHERE id = 7017 and no = 'U0224-25A0000034' and status = 'CREATED';
PD0405-25A000336,th223,th405,UPDATE th223.gatepass_invoice SET status = 'CANCELLED' WHERE id = 6613 and no = 'PD0405-25A000336' and status = 'CREATED';
DR0224-25A000082,th223,th224,UPDATE th223.gatepass_invoice SET status = 'CANCELLED' WHERE id = 11762 and no = 'DR0224-25A000082' and status = 'CREATED';
PD0224-25A006813,th427,th224,UPDATE th427.gatepass_invoice SET status = 'CANCELLED' WHERE id = 136415 and no = 'PD0224-25A006813' and status = 'CREATED';
PD0224-25A004378,th223,th224,UPDATE th223.gatepass_invoice SET status = 'CANCELLED' WHERE id = 6692 and no = 'PD0224-25A004378' and status = 'CREATED';
U0428-25A0000002,th223,th428,UPDATE th223.gatepass_invoice SET status = 'CANCELLED' WHERE id = 7162 and no = 'U0428-25A0000002' and status = 'CREATED';
DR0406-25A000009,th223,th406,UPDATE th223.gatepass_invoice SET status = 'CANCELLED' WHERE id = 7590 and no = 'DR0406-25A000009' and status = 'CREATED';
P0437-25A0000001,th427,th437,UPDATE th427.gatepass_invoice SET status = 'CANCELLED' WHERE id = 136795 and no = 'P0437-25A0000001' and status = 'CREATED';
U0301-25A0000013,th214,th301,UPDATE th214.gatepass_invoice SET status = 'CANCELLED' WHERE id = 1591119 and no = 'U0301-25A0000013' and status = 'CREATED';
U0224-25A0000023,th223,th224,UPDATE th223.gatepass_invoice SET status = 'CANCELLED' WHERE id = 8194 and no = 'U0224-25A0000023' and status = 'CREATED';
PD0406-25A000636,th205,th406,UPDATE th205.gatepass_invoice SET status = 'CANCELLED' WHERE id = 1305402 and no = 'PD0406-25A000636' and status = 'CREATED';
PD0406-25A000610,th223,th406,UPDATE th223.gatepass_invoice SET status = 'CANCELLED' WHERE id = 6798 and no = 'PD0406-25A000610' and status = 'CREATED';
DR0224-25A000104,th223,th224,UPDATE th223.gatepass_invoice SET status = 'CANCELLED' WHERE id = 8355 and no = 'DR0224-25A000104' and status = 'CREATED';
PD0405-25A000388,th223,th405,UPDATE th223.gatepass_invoice SET status = 'CANCELLED' WHERE id = 8224 and no = 'PD0405-25A000388' and status = 'CREATED';
U0301-25A0000002,th214,th301,UPDATE th214.gatepass_invoice SET status = 'CANCELLED' WHERE id = 1588836 and no = 'U0301-25A0000002' and status = 'CREATED';
PD0424-25A000133,th418,th424,UPDATE th418.gatepass_invoice SET status = 'CANCELLED' WHERE id = 22607 and no = 'PD0424-25A000133' and status = 'CREATED';
PD0406-25A000554,th223,th406,UPDATE th223.gatepass_invoice SET status = 'CANCELLED' WHERE id = 6578 and no = 'PD0406-25A000554' and status = 'CREATED';
DR0224-25A000029,th223,th224,UPDATE th223.gatepass_invoice SET status = 'CANCELLED' WHERE id = 7444 and no = 'DR0224-25A000029' and status = 'CREATED';
DR0428-25A000042,th223,th428,UPDATE th223.gatepass_invoice SET status = 'CANCELLED' WHERE id = 7574 and no = 'DR0428-25A000042' and status = 'CREATED';
U0224-25A0000014,th223,th224,UPDATE th223.gatepass_invoice SET status = 'CANCELLED' WHERE id = 6893 and no = 'U0224-25A0000014' and status = 'CREATED';
DR0428-25A000018,th223,th428,UPDATE th223.gatepass_invoice SET status = 'CANCELLED' WHERE id = 7488 and no = 'DR0428-25A000018' and status = 'CREATED';
DR0413-25A000901,th430,th413,UPDATE th430.gatepass_invoice SET status = 'CANCELLED' WHERE id = 25333 and no = 'DR0413-25A000901' and status = 'CREATED';
PD0224-25A004204,th223,th224,UPDATE th223.gatepass_invoice SET status = 'CANCELLED' WHERE id = 6574 and no = 'PD0224-25A004204' and status = 'CREATED';
U0428-25A0000022,th223,th428,UPDATE th223.gatepass_invoice SET status = 'CANCELLED' WHERE id = 7257 and no = 'U0428-25A0000022' and status = 'CREATED';
DR0205-25A000016,th223,th205,UPDATE th223.gatepass_invoice SET status = 'CANCELLED' WHERE id = 7400 and no = 'DR0205-25A000016' and status = 'CREATED';
PD0406-25A000684,th223,th406,UPDATE th223.gatepass_invoice SET status = 'CANCELLED' WHERE id = 7040 and no = 'PD0406-25A000684' and status = 'CREATED';
PD0406-25A000678,th223,th406,UPDATE th223.gatepass_invoice SET status = 'CANCELLED' WHERE id = 7038 and no = 'PD0406-25A000678' and status = 'CREATED';
DR0428-25A000022,th223,th428,UPDATE th223.gatepass_invoice SET status = 'CANCELLED' WHERE id = 7517 and no = 'DR0428-25A000022' and status = 'CREATED';
PD0428-25A001376,th223,th428,UPDATE th223.gatepass_invoice SET status = 'CANCELLED' WHERE id = 7927 and no = 'PD0428-25A001376' and status = 'CREATED';
U0224-25A0000068,th223,th224,UPDATE th223.gatepass_invoice SET status = 'CANCELLED' WHERE id = 7425 and no = 'U0224-25A0000068' and status = 'CREATED';
DR0428-25A000050,th223,th428,UPDATE th223.gatepass_invoice SET status = 'CANCELLED' WHERE id = 7629 and no = 'DR0428-25A000050' and status = 'CREATED';
PD0405-25A000337,th223,th405,UPDATE th223.gatepass_invoice SET status = 'CANCELLED' WHERE id = 6614 and no = 'PD0405-25A000337' and status = 'CREATED';
U0224-25A0000054,th223,th224,UPDATE th223.gatepass_invoice SET status = 'CANCELLED' WHERE id = 7329 and no = 'U0224-25A0000054' and status = 'CREATED';
U0301-25A0000005,th214,th301,UPDATE th214.gatepass_invoice SET status = 'CANCELLED' WHERE id = 1588841 and no = 'U0301-25A0000005' and status = 'CREATED';
U0428-25A0000076,th223,th428,UPDATE th223.gatepass_invoice SET status = 'CANCELLED' WHERE id = 7510 and no = 'U0428-25A0000076' and status = 'CREATED';
U0428-25A0000069,th223,th428,UPDATE th223.gatepass_invoice SET status = 'CANCELLED' WHERE id = 7404 and no = 'U0428-25A0000069' and status = 'CREATED';
DR0406-25A000020,th214,th406,UPDATE th214.gatepass_invoice SET status = 'CANCELLED' WHERE id = 1610074 and no = 'DR0406-25A000020' and status = 'CREATED';
DR0428-25A000039,th223,th428,UPDATE th223.gatepass_invoice SET status = 'CANCELLED' WHERE id = 7572 and no = 'DR0428-25A000039' and status = 'CREATED';
PD0406-25A000739,th223,th406,UPDATE th223.gatepass_invoice SET status = 'CANCELLED' WHERE id = 7082 and no = 'PD0406-25A000739' and status = 'CREATED';
PD0406-25A000489,th223,th406,UPDATE th223.gatepass_invoice SET status = 'CANCELLED' WHERE id = 6463 and no = 'PD0406-25A000489' and status = 'CREATED';
U0428-25A0000065,th223,th428,UPDATE th223.gatepass_invoice SET status = 'CANCELLED' WHERE id = 7368 and no = 'U0428-25A0000065' and status = 'CREATED';
PD0405-25A000350,th223,th405,UPDATE th223.gatepass_invoice SET status = 'CANCELLED' WHERE id = 6623 and no = 'PD0405-25A000350' and status = 'CREATED';
PD0405-25A000340,th223,th405,UPDATE th223.gatepass_invoice SET status = 'CANCELLED' WHERE id = 8223 and no = 'PD0405-25A000340' and status = 'CREATED';
PD0224-25A004006,th223,th224,UPDATE th223.gatepass_invoice SET status = 'CANCELLED' WHERE id = 6457 and no = 'PD0224-25A004006' and status = 'CREATED';
PD0405-25A000389,th223,th405,UPDATE th223.gatepass_invoice SET status = 'CANCELLED' WHERE id = 6665 and no = 'PD0405-25A000389' and status = 'CREATED';
PD0205-25A003109,th223,th205,UPDATE th223.gatepass_invoice SET status = 'CANCELLED' WHERE id = 7133 and no = 'PD0205-25A003109' and status = 'CREATED';
PD0406-25A000649,th223,th406,UPDATE th223.gatepass_invoice SET status = 'CANCELLED' WHERE id = 6937 and no = 'PD0406-25A000649' and status = 'CREATED';
PD0429-25A000766,th430,th429,UPDATE th430.gatepass_invoice SET status = 'CANCELLED' WHERE id = 23898 and no = 'PD0429-25A000766' and status = 'CREATED';
PD0406-25A000525,th401,th406,UPDATE th401.gatepass_invoice SET status = 'CANCELLED' WHERE id = 44581 and no = 'PD0406-25A000525' and status = 'CREATED';
PD0405-25A000400,th223,th405,UPDATE th223.gatepass_invoice SET status = 'CANCELLED' WHERE id = 6679 and no = 'PD0405-25A000400' and status = 'CREATED';
DR0425-25A000155,th427,th425,UPDATE th427.gatepass_invoice SET status = 'CANCELLED' WHERE id = 135585 and no = 'DR0425-25A000155' and status = 'CREATED';
DR0224-25A000056,th223,th224,UPDATE th223.gatepass_invoice SET status = 'CANCELLED' WHERE id = 7465 and no = 'DR0224-25A000056' and status = 'CREATED';
PD0406-25A000741,th223,th406,UPDATE th223.gatepass_invoice SET status = 'CANCELLED' WHERE id = 7084 and no = 'PD0406-25A000741' and status = 'CREATED';
DR0224-25A000137,th223,th224,UPDATE th223.gatepass_invoice SET status = 'CANCELLED' WHERE id = 8481 and no = 'DR0224-25A000137' and status = 'CREATED';
PD0406-25A000677,th223,th406,UPDATE th223.gatepass_invoice SET status = 'CANCELLED' WHERE id = 7037 and no = 'PD0406-25A000677' and status = 'CREATED';
PD0205-25A002767,th223,th205,UPDATE th223.gatepass_invoice SET status = 'CANCELLED' WHERE id = 6663 and no = 'PD0205-25A002767' and status = 'CREATED';
PD0406-25A000800,th205,th406,UPDATE th205.gatepass_invoice SET status = 'CANCELLED' WHERE id = 1297906 and no = 'PD0406-25A000800' and status = 'CREATED';
P0223-25A0000007,th427,th223,UPDATE th427.gatepass_invoice SET status = 'CANCELLED' WHERE id = 136792 and no = 'P0223-25A0000007' and status = 'CREATED';
U0301-25A0000010,th214,th301,UPDATE th214.gatepass_invoice SET status = 'CANCELLED' WHERE id = 1588946 and no = 'U0301-25A0000010' and status = 'CREATED';
DR0224-25A000496,th427,th224,UPDATE th427.gatepass_invoice SET status = 'CANCELLED' WHERE id = 133008 and no = 'DR0224-25A000496' and status = 'CREATED';
DR0406-25A000019,th214,th406,UPDATE th214.gatepass_invoice SET status = 'CANCELLED' WHERE id = 1610073 and no = 'DR0406-25A000019' and status = 'CREATED';
PD0407-25A000586,th223,th407,UPDATE th223.gatepass_invoice SET status = 'CANCELLED' WHERE id = 7205 and no = 'PD0407-25A000586' and status = 'CREATED';
DR0407-25A000029,th224,th407,UPDATE th224.gatepass_invoice SET status = 'CANCELLED' WHERE id = 1587109 and no = 'DR0407-25A000029' and status = 'CREATED';
PD0407-25A000585,th223,th407,UPDATE th223.gatepass_invoice SET status = 'CANCELLED' WHERE id = 7204 and no = 'PD0407-25A000585' and status = 'CREATED';
DR0428-25A000069,th223,th428,UPDATE th223.gatepass_invoice SET status = 'CANCELLED' WHERE id = 8243 and no = 'DR0428-25A000069' and status = 'CREATED';
PD0224-25A004795,th223,th224,UPDATE th223.gatepass_invoice SET status = 'CANCELLED' WHERE id = 7097 and no = 'PD0224-25A004795' and status = 'CREATED';
PD0425-25A002051,th223,th425,UPDATE th223.gatepass_invoice SET status = 'CANCELLED' WHERE id = 8156 and no = 'PD0425-25A002051' and status = 'CREATED';
U0224-25A0000013,th223,th224,UPDATE th223.gatepass_invoice SET status = 'CANCELLED' WHERE id = 6891 and no = 'U0224-25A0000013' and status = 'CREATED';
DR0428-25A000058,th223,th428,UPDATE th223.gatepass_invoice SET status = 'CANCELLED' WHERE id = 7634 and no = 'DR0428-25A000058' and status = 'CREATED';
PD0224-25A003952,th223,th224,UPDATE th223.gatepass_invoice SET status = 'CANCELLED' WHERE id = 6417 and no = 'PD0224-25A003952' and status = 'CREATED';
PD0205-25A002884,th223,th205,UPDATE th223.gatepass_invoice SET status = 'CANCELLED' WHERE id = 6822 and no = 'PD0205-25A002884' and status = 'CREATED';
DR0429-25A001154,th435,th429,UPDATE th435.gatepass_invoice SET status = 'CANCELLED' WHERE id = 15764 and no = 'DR0429-25A001154' and status = 'CREATED';
DR0301-25A000011,th214,th301,UPDATE th214.gatepass_invoice SET status = 'CANCELLED' WHERE id = 1616694 and no = 'DR0301-25A000011' and status = 'CREATED';
P0223-25A0000002,th427,th223,UPDATE th427.gatepass_invoice SET status = 'CANCELLED' WHERE id = 132810 and no = 'P0223-25A0000002' and status = 'CREATED';
U0301-25A0000014,th214,th301,UPDATE th214.gatepass_invoice SET status = 'CANCELLED' WHERE id = 1591121 and no = 'U0301-25A0000014' and status = 'CREATED';
PD0205-25A002714,th214,th205,UPDATE th214.gatepass_invoice SET status = 'CANCELLED' WHERE id = 1610797 and no = 'PD0205-25A002714' and status = 'CREATED';
DR0224-25A000114,th223,th224,UPDATE th223.gatepass_invoice SET status = 'CANCELLED' WHERE id = 8379 and no = 'DR0224-25A000114' and status = 'CREATED';
DR0428-25A000041,th223,th428,UPDATE th223.gatepass_invoice SET status = 'CANCELLED' WHERE id = 7573 and no = 'DR0428-25A000041' and status = 'CREATED';
PD0224-25A004805,th223,th224,UPDATE th223.gatepass_invoice SET status = 'CANCELLED' WHERE id = 7130 and no = 'PD0224-25A004805' and status = 'CREATED';
DR0205-25A000006,th223,th205,UPDATE th223.gatepass_invoice SET status = 'CANCELLED' WHERE id = 7393 and no = 'DR0205-25A000006' and status = 'CREATED';
P0213-25A0000008,th429,th213,UPDATE th429.gatepass_invoice SET status = 'CANCELLED' WHERE id = 59428 and no = 'P0213-25A0000008' and status = 'CREATED';
P0224-25A0000096,th223,th224,UPDATE th223.gatepass_invoice SET status = 'CANCELLED' WHERE id = 7459 and no = 'P0224-25A0000096' and status = 'CREATED';
DR0214-25A002941,th435,th214,UPDATE th435.gatepass_invoice SET status = 'CANCELLED' WHERE id = 14335 and no = 'DR0214-25A002941' and status = 'CREATED';
DR0428-25A000034,th223,th428,UPDATE th223.gatepass_invoice SET status = 'CANCELLED' WHERE id = 7571 and no = 'DR0428-25A000034' and status = 'CREATED';
U0301-25A0000006,th214,th301,UPDATE th214.gatepass_invoice SET status = 'CANCELLED' WHERE id = 1588843 and no = 'U0301-25A0000006' and status = 'CREATED';
DR0205-25A000002,th223,th205,UPDATE th223.gatepass_invoice SET status = 'CANCELLED' WHERE id = 7390 and no = 'DR0205-25A000002' and status = 'CREATED';
P0410-25A0000104,th411,th410,UPDATE th411.gatepass_invoice SET status = 'CANCELLED' WHERE id = 119809 and no = 'P0410-25A0000104' and status = 'CREATED';
DR0428-25A000066,th223,th428,UPDATE th223.gatepass_invoice SET status = 'CANCELLED' WHERE id = 8226 and no = 'DR0428-25A000066' and status = 'CREATED';
U0224-25A0000016,th223,th224,UPDATE th223.gatepass_invoice SET status = 'CANCELLED' WHERE id = 6901 and no = 'U0224-25A0000016' and status = 'CREATED';
PD0406-25A000676,th223,th406,UPDATE th223.gatepass_invoice SET status = 'CANCELLED' WHERE id = 7036 and no = 'PD0406-25A000676' and status = 'CREATED';
PD0405-25A000393,th223,th405,UPDATE th223.gatepass_invoice SET status = 'CANCELLED' WHERE id = 6676 and no = 'PD0405-25A000393' and status = 'CREATED';
PD0406-25A000503,th223,th406,UPDATE th223.gatepass_invoice SET status = 'CANCELLED' WHERE id = 6473 and no = 'PD0406-25A000503' and status = 'CREATED';
DR0205-25A000012,th223,th205,UPDATE th223.gatepass_invoice SET status = 'CANCELLED' WHERE id = 7398 and no = 'DR0205-25A000012' and status = 'CREATED';
DR0406-25A000010,th223,th406,UPDATE th223.gatepass_invoice SET status = 'CANCELLED' WHERE id = 7591 and no = 'DR0406-25A000010' and status = 'CREATED';
U0224-25A0000079,th223,th224,UPDATE th223.gatepass_invoice SET status = 'CANCELLED' WHERE id = 7473 and no = 'U0224-25A0000079' and status = 'CREATED';
PD0406-25A000806,th214,th406,UPDATE th214.gatepass_invoice SET status = 'CANCELLED' WHERE id = 1596219 and no = 'PD0406-25A000806' and status = 'CREATED';
DR0224-25A000008,th223,th224,UPDATE th223.gatepass_invoice SET status = 'CANCELLED' WHERE id = 7408 and no = 'DR0224-25A000008' and status = 'CREATED';
DR0224-25A000004,th223,th224,UPDATE th223.gatepass_invoice SET status = 'CANCELLED' WHERE id = 7378 and no = 'DR0224-25A000004' and status = 'CREATED';
U0301-25A0000025,th214,th301,UPDATE th214.gatepass_invoice SET status = 'CANCELLED' WHERE id = 1596861 and no = 'U0301-25A0000025' and status = 'CREATED';
PD0224-25A004165,th223,th224,UPDATE th223.gatepass_invoice SET status = 'CANCELLED' WHERE id = 6469 and no = 'PD0224-25A004165' and status = 'CREATED';
PD0406-25A000598,th223,th406,UPDATE th223.gatepass_invoice SET status = 'CANCELLED' WHERE id = 6780 and no = 'PD0406-25A000598' and status = 'CREATED';
PD0205-25A002505,th401,th205,UPDATE th401.gatepass_invoice SET status = 'CANCELLED' WHERE id = 44622 and no = 'PD0205-25A002505' and status = 'CREATED';
PD0406-25A000634,th223,th406,UPDATE th223.gatepass_invoice SET status = 'CANCELLED' WHERE id = 6898 and no = 'PD0406-25A000634' and status = 'CREATED';
PD0406-25A000651,th223,th406,UPDATE th223.gatepass_invoice SET status = 'CANCELLED' WHERE id = 6938 and no = 'PD0406-25A000651' and status = 'CREATED';
DR0413-25A000885,th214,th413,UPDATE th214.gatepass_invoice SET status = 'CANCELLED' WHERE id = 1604123 and no = 'DR0413-25A000885' and status = 'CREATED';
PD0406-25A000609,th223,th406,UPDATE th223.gatepass_invoice SET status = 'CANCELLED' WHERE id = 6797 and no = 'PD0406-25A000609' and status = 'CREATED';
PD0406-25A000612,th223,th406,UPDATE th223.gatepass_invoice SET status = 'CANCELLED' WHERE id = 6895 and no = 'PD0406-25A000612' and status = 'CREATED';
DR0428-25A000031,th223,th428,UPDATE th223.gatepass_invoice SET status = 'CANCELLED' WHERE id = 7520 and no = 'DR0428-25A000031' and status = 'CREATED';
PD0406-25A000817,th223,th406,UPDATE th223.gatepass_invoice SET status = 'CANCELLED' WHERE id = 8036 and no = 'PD0406-25A000817' and status = 'CREATED';
U0224-25A0000064,th223,th224,UPDATE th223.gatepass_invoice SET status = 'CANCELLED' WHERE id = 7419 and no = 'U0224-25A0000064' and status = 'CREATED';
PD0406-25A000669,th205,th406,UPDATE th205.gatepass_invoice SET status = 'CANCELLED' WHERE id = 1295082 and no = 'PD0406-25A000669' and status = 'CREATED';
DR0428-25A000081,th223,th428,UPDATE th223.gatepass_invoice SET status = 'CANCELLED' WHERE id = 8295 and no = 'DR0428-25A000081' and status = 'CREATED';
PD0405-25A000339,th223,th405,UPDATE th223.gatepass_invoice SET status = 'CANCELLED' WHERE id = 6616 and no = 'PD0405-25A000339' and status = 'CREATED';
PD0405-25A000391,th223,th405,UPDATE th223.gatepass_invoice SET status = 'CANCELLED' WHERE id = 6667 and no = 'PD0405-25A000391' and status = 'CREATED';
PD0224-25A003981,th223,th224,UPDATE th223.gatepass_invoice SET status = 'CANCELLED' WHERE id = 6440 and no = 'PD0224-25A003981' and status = 'CREATED';
U0224-25A0000070,th223,th224,UPDATE th223.gatepass_invoice SET status = 'CANCELLED' WHERE id = 8208 and no = 'U0224-25A0000070' and status = 'CREATED';
U0224-25A0000021,th223,th224,UPDATE th223.gatepass_invoice SET status = 'CANCELLED' WHERE id = 8192 and no = 'U0224-25A0000021' and status = 'CREATED';
PD0224-25A004545,th223,th224,UPDATE th223.gatepass_invoice SET status = 'CANCELLED' WHERE id = 6956 and no = 'PD0224-25A004545' and status = 'CREATED';
PD0408-25A000866,th430,th408,UPDATE th430.gatepass_invoice SET status = 'CANCELLED' WHERE id = 23641 and no = 'PD0408-25A000866' and status = 'CREATED';
PD0224-25A004147,th223,th224,UPDATE th223.gatepass_invoice SET status = 'CANCELLED' WHERE id = 6465 and no = 'PD0224-25A004147' and status = 'CREATED';
PD0224-25A003948,th223,th224,UPDATE th223.gatepass_invoice SET status = 'CANCELLED' WHERE id = 6416 and no = 'PD0224-25A003948' and status = 'CREATED';
PD0406-25A000607,th223,th406,UPDATE th223.gatepass_invoice SET status = 'CANCELLED' WHERE id = 6795 and no = 'PD0406-25A000607' and status = 'CREATED';
U0224-25A0000035,th223,th224,UPDATE th223.gatepass_invoice SET status = 'CANCELLED' WHERE id = 8199 and no = 'U0224-25A0000035' and status = 'CREATED';
P0402-25A0000084,th411,th402,UPDATE th411.gatepass_invoice SET status = 'CANCELLED' WHERE id = 114270 and no = 'P0402-25A0000084' and status = 'CREATED';
PD0205-25A002475,th223,th205,UPDATE th223.gatepass_invoice SET status = 'CANCELLED' WHERE id = 6568 and no = 'PD0205-25A002475' and status = 'CREATED';
DR0224-25A000155,th223,th224,UPDATE th223.gatepass_invoice SET status = 'CANCELLED' WHERE id = 8504 and no = 'DR0224-25A000155' and status = 'CREATED';
PD0224-25A004146,th223,th224,UPDATE th223.gatepass_invoice SET status = 'CANCELLED' WHERE id = 6464 and no = 'PD0224-25A004146' and status = 'CREATED';
DR0421-25A000007,th435,th421,UPDATE th435.gatepass_invoice SET status = 'CANCELLED' WHERE id = 11068 and no = 'DR0421-25A000007' and status = 'CREATED';
U0224-25A0000022,th223,th224,UPDATE th223.gatepass_invoice SET status = 'CANCELLED' WHERE id = 8193 and no = 'U0224-25A0000022' and status = 'CREATED';
DR0429-25A001155,th435,th429,UPDATE th435.gatepass_invoice SET status = 'CANCELLED' WHERE id = 15765 and no = 'DR0429-25A001155' and status = 'CREATED';
DR0301-25A000006,th214,th301,UPDATE th214.gatepass_invoice SET status = 'CANCELLED' WHERE id = 1615787 and no = 'DR0301-25A000006' and status = 'CREATED';
U0224-25A0000058,th223,th224,UPDATE th223.gatepass_invoice SET status = 'CANCELLED' WHERE id = 7366 and no = 'U0224-25A0000058' and status = 'CREATED';
DR0413-25A000988,th214,th413,UPDATE th214.gatepass_invoice SET status = 'CANCELLED' WHERE id = 1618260 and no = 'DR0413-25A000988' and status = 'CREATED';
PD0425-25A002002,th223,th425,UPDATE th223.gatepass_invoice SET status = 'CANCELLED' WHERE id = 8153 and no = 'PD0425-25A002002' and status = 'CREATED';
DR0401-25A000030,th427,th401,UPDATE th427.gatepass_invoice SET status = 'CANCELLED' WHERE id = 131994 and no = 'DR0401-25A000030' and status = 'CREATED';
DR0428-25A000068,th223,th428,UPDATE th223.gatepass_invoice SET status = 'CANCELLED' WHERE id = 8227 and no = 'DR0428-25A000068' and status = 'CREATED';
U0417-25A0000001,th430,th417,UPDATE th430.gatepass_invoice SET status = 'CANCELLED' WHERE id = 23612 and no = 'U0417-25A0000001' and status = 'CREATED';
PD0224-25A004256,th223,th224,UPDATE th223.gatepass_invoice SET status = 'CANCELLED' WHERE id = 6624 and no = 'PD0224-25A004256' and status = 'CREATED';
DR0425-25A000045,th223,th425,UPDATE th223.gatepass_invoice SET status = 'CANCELLED' WHERE id = 8499 and no = 'DR0425-25A000045' and status = 'CREATED';
U0413-25A0000014,th214,th413,UPDATE th214.gatepass_invoice SET status = 'CANCELLED' WHERE id = 1590077 and no = 'U0413-25A0000014' and status = 'CREATED';
PD0224-25A004572,th223,th224,UPDATE th223.gatepass_invoice SET status = 'CANCELLED' WHERE id = 8185 and no = 'PD0224-25A004572' and status = 'CREATED';
DR0214-25A004076,th205,th214,UPDATE th205.gatepass_invoice SET status = 'CANCELLED' WHERE id = 1345769 and no = 'DR0214-25A004076' and status = 'CREATED';
DR0428-25A000019,th223,th428,UPDATE th223.gatepass_invoice SET status = 'CANCELLED' WHERE id = 7513 and no = 'DR0428-25A000019' and status = 'CREATED';
DR0224-25A000132,th223,th224,UPDATE th223.gatepass_invoice SET status = 'CANCELLED' WHERE id = 8472 and no = 'DR0224-25A000132' and status = 'CREATED';
PD0406-25A000642,th223,th406,UPDATE th223.gatepass_invoice SET status = 'CANCELLED' WHERE id = 6935 and no = 'PD0406-25A000642' and status = 'CREATED';
U0224-25A0000081,th223,th224,UPDATE th223.gatepass_invoice SET status = 'CANCELLED' WHERE id = 7482 and no = 'U0224-25A0000081' and status = 'CREATED';
DR0428-25A000055,th223,th428,UPDATE th223.gatepass_invoice SET status = 'CANCELLED' WHERE id = 7632 and no = 'DR0428-25A000055' and status = 'CREATED';
PD0224-25A004802,th223,th224,UPDATE th223.gatepass_invoice SET status = 'CANCELLED' WHERE id = 7115 and no = 'PD0224-25A004802' and status = 'CREATED';
PD0408-25A000857,th401,th408,UPDATE th401.gatepass_invoice SET status = 'CANCELLED' WHERE id = 44434 and no = 'PD0408-25A000857' and status = 'CREATED';
DR0411-25A000027,th402,th411,UPDATE th402.gatepass_invoice SET status = 'CANCELLED' WHERE id = 228543 and no = 'DR0411-25A000027' and status = 'CREATED';
U0224-25A0000015,th223,th224,UPDATE th223.gatepass_invoice SET status = 'CANCELLED' WHERE id = 6900 and no = 'U0224-25A0000015' and status = 'CREATED';
PD0425-25A001946,th223,th425,UPDATE th223.gatepass_invoice SET status = 'CANCELLED' WHERE id = 8149 and no = 'PD0425-25A001946' and status = 'CREATED';
DR0224-25A000735,th406,th224,UPDATE th406.gatepass_invoice SET status = 'CANCELLED' WHERE id = 34251 and no = 'DR0224-25A000735' and status = 'CREATED';
PD0425-25A002043,th223,th425,UPDATE th223.gatepass_invoice SET status = 'CANCELLED' WHERE id = 8155 and no = 'PD0425-25A002043' and status = 'CREATED';
PD0406-25A000600,th223,th406,UPDATE th223.gatepass_invoice SET status = 'CANCELLED' WHERE id = 6782 and no = 'PD0406-25A000600' and status = 'CREATED';
PD0205-25A003111,th223,th205,UPDATE th223.gatepass_invoice SET status = 'CANCELLED' WHERE id = 7135 and no = 'PD0205-25A003111' and status = 'CREATED';
PD0205-25A003110,th223,th205,UPDATE th223.gatepass_invoice SET status = 'CANCELLED' WHERE id = 7134 and no = 'PD0205-25A003110' and status = 'CREATED';
PD0406-25A000499,th223,th406,UPDATE th223.gatepass_invoice SET status = 'CANCELLED' WHERE id = 6467 and no = 'PD0406-25A000499' and status = 'CREATED';
DR0224-25A000009,th223,th224,UPDATE th223.gatepass_invoice SET status = 'CANCELLED' WHERE id = 7412 and no = 'DR0224-25A000009' and status = 'CREATED';
DR0214-25A002965,th429,th214,UPDATE th429.gatepass_invoice SET status = 'CANCELLED' WHERE id = 57588 and no = 'DR0214-25A002965' and status = 'CREATED';
PD0214-25A006062,th223,th214,UPDATE th223.gatepass_invoice SET status = 'CANCELLED' WHERE id = 6775 and no = 'PD0214-25A006062' and status = 'CREATED';
PD0406-25A000491,th205,th406,UPDATE th205.gatepass_invoice SET status = 'CANCELLED' WHERE id = 1288874 and no = 'PD0406-25A000491' and status = 'CREATED';
DR0429-25A001150,th214,th429,UPDATE th214.gatepass_invoice SET status = 'CANCELLED' WHERE id = 1683422 and no = 'DR0429-25A001150' and status = 'CREATED';
PD0205-25A002764,th223,th205,UPDATE th223.gatepass_invoice SET status = 'CANCELLED' WHERE id = 6660 and no = 'PD0205-25A002764' and status = 'CREATED';
P0213-25A0000061,th429,th213,UPDATE th429.gatepass_invoice SET status = 'CANCELLED' WHERE id = 61404 and no = 'P0213-25A0000061' and status = 'CREATED';
U0413-25A0000046,th214,th413,UPDATE th214.gatepass_invoice SET status = 'CANCELLED' WHERE id = 1604179 and no = 'U0413-25A0000046' and status = 'CREATED';
DR0413-25A000905,th435,th413,UPDATE th435.gatepass_invoice SET status = 'CANCELLED' WHERE id = 12749 and no = 'DR0413-25A000905' and status = 'CREATED';
PD0224-25A004525,th223,th224,UPDATE th223.gatepass_invoice SET status = 'CANCELLED' WHERE id = 6927 and no = 'PD0224-25A004525' and status = 'CREATED';
PD0428-25A001375,th223,th428,UPDATE th223.gatepass_invoice SET status = 'CANCELLED' WHERE id = 7042 and no = 'PD0428-25A001375' and status = 'CREATED';
DR0425-25A000157,th427,th425,UPDATE th427.gatepass_invoice SET status = 'CANCELLED' WHERE id = 135806 and no = 'DR0425-25A000157' and status = 'CREATED';
PD0224-25A004138,th223,th224,UPDATE th223.gatepass_invoice SET status = 'CANCELLED' WHERE id = 8184 and no = 'PD0224-25A004138' and status = 'CREATED';
U0428-25A0000043,th223,th428,UPDATE th223.gatepass_invoice SET status = 'CANCELLED' WHERE id = 7305 and no = 'U0428-25A0000043' and status = 'CREATED';
PD0224-25A004560,th223,th224,UPDATE th223.gatepass_invoice SET status = 'CANCELLED' WHERE id = 6961 and no = 'PD0224-25A004560' and status = 'CREATED';
PD0406-25A000613,th205,th406,UPDATE th205.gatepass_invoice SET status = 'CANCELLED' WHERE id = 1305401 and no = 'PD0406-25A000613' and status = 'CREATED';
PD0406-25A000693,th401,th406,UPDATE th401.gatepass_invoice SET status = 'CANCELLED' WHERE id = 45461 and no = 'PD0406-25A000693' and status = 'CREATED';
DR0301-25A000005,th214,th301,UPDATE th214.gatepass_invoice SET status = 'CANCELLED' WHERE id = 1615784 and no = 'DR0301-25A000005' and status = 'CREATED';
U0428-25A0000071,th223,th428,UPDATE th223.gatepass_invoice SET status = 'CANCELLED' WHERE id = 7410 and no = 'U0428-25A0000071' and status = 'CREATED';
DR0213-25A000003,th435,th213,UPDATE th435.gatepass_invoice SET status = 'CANCELLED' WHERE id = 14945 and no = 'DR0213-25A000003' and status = 'CREATED';
DR0425-25A000019,th223,th425,UPDATE th223.gatepass_invoice SET status = 'CANCELLED' WHERE id = 8385 and no = 'DR0425-25A000019' and status = 'CREATED';
U0425-25A0000001,th223,th425,UPDATE th223.gatepass_invoice SET status = 'CANCELLED' WHERE id = 8157 and no = 'U0425-25A0000001' and status = 'CREATED';
P0214-25A0001097,th429,th214,UPDATE th429.gatepass_invoice SET status = 'CANCELLED' WHERE id = 52545 and no = 'P0214-25A0001097' and status = 'CREATED';
U0224-25A0000011,th223,th224,UPDATE th223.gatepass_invoice SET status = 'CANCELLED' WHERE id = 6887 and no = 'U0224-25A0000011' and status = 'CREATED';
PD0405-25A000372,th214,th405,UPDATE th214.gatepass_invoice SET status = 'CANCELLED' WHERE id = 1585823 and no = 'PD0405-25A000372' and status = 'CREATED';
DR0224-25A000046,th223,th224,UPDATE th223.gatepass_invoice SET status = 'CANCELLED' WHERE id = 7454 and no = 'DR0224-25A000046' and status = 'CREATED';
DR0405-25A000066,th205,th405,UPDATE th205.gatepass_invoice SET status = 'CANCELLED' WHERE id = 1351160 and no = 'DR0405-25A000066' and status = 'CREATED';
PD0214-25A005082,th223,th214,UPDATE th223.gatepass_invoice SET status = 'CANCELLED' WHERE id = 6405 and no = 'PD0214-25A005082' and status = 'CREATED';
PD0406-25A000601,th223,th406,UPDATE th223.gatepass_invoice SET status = 'CANCELLED' WHERE id = 6783 and no = 'PD0406-25A000601' and status = 'CREATED';
P0428-25A0000525,th224,th428,UPDATE th224.gatepass_invoice SET status = 'CANCELLED' WHERE id = 1566509 and no = 'P0428-25A0000525' and status = 'CREATED';
DR0214-25A002617,th429,th214,UPDATE th429.gatepass_invoice SET status = 'CANCELLED' WHERE id = 56655 and no = 'DR0214-25A002617' and status = 'CREATED';
DR0406-25A000013,th223,th406,UPDATE th223.gatepass_invoice SET status = 'CANCELLED' WHERE id = 7593 and no = 'DR0406-25A000013' and status = 'CREATED';
PD0224-25A004504,th223,th224,UPDATE th223.gatepass_invoice SET status = 'CANCELLED' WHERE id = 6894 and no = 'PD0224-25A004504' and status = 'CREATED';
PD0406-25A000808,th401,th406,UPDATE th401.gatepass_invoice SET status = 'CANCELLED' WHERE id = 45710 and no = 'PD0406-25A000808' and status = 'CREATED';
DR0205-25A000005,th223,th205,UPDATE th223.gatepass_invoice SET status = 'CANCELLED' WHERE id = 7392 and no = 'DR0205-25A000005' and status = 'CREATED';
DR0213-25A000002,th435,th213,UPDATE th435.gatepass_invoice SET status = 'CANCELLED' WHERE id = 14944 and no = 'DR0213-25A000002' and status = 'CREATED';
DR0425-25A000128,th224,th425,UPDATE th224.gatepass_invoice SET status = 'CANCELLED' WHERE id = 1585460 and no = 'DR0425-25A000128' and status = 'CREATED';
PD0205-25A003116,th223,th205,UPDATE th223.gatepass_invoice SET status = 'CANCELLED' WHERE id = 7138 and no = 'PD0205-25A003116' and status = 'CREATED';
DR0425-25A000020,th223,th425,UPDATE th223.gatepass_invoice SET status = 'CANCELLED' WHERE id = 8386 and no = 'DR0425-25A000020' and status = 'CREATED';
DR0413-25A000927,th214,th413,UPDATE th214.gatepass_invoice SET status = 'CANCELLED' WHERE id = 1612637 and no = 'DR0413-25A000927' and status = 'CREATED';
U0301-25A0000003,th214,th301,UPDATE th214.gatepass_invoice SET status = 'CANCELLED' WHERE id = 1588837 and no = 'U0301-25A0000003' and status = 'CREATED';
PD0408-25A000841,th223,th408,UPDATE th223.gatepass_invoice SET status = 'CANCELLED' WHERE id = 6438 and no = 'PD0408-25A000841' and status = 'CREATED';
DR0214-25A002964,th429,th214,UPDATE th429.gatepass_invoice SET status = 'CANCELLED' WHERE id = 57587 and no = 'DR0214-25A002964' and status = 'CREATED';
DR0428-25A000065,th223,th428,UPDATE th223.gatepass_invoice SET status = 'CANCELLED' WHERE id = 7638 and no = 'DR0428-25A000065' and status = 'CREATED';
PD0406-25A000505,th223,th406,UPDATE th223.gatepass_invoice SET status = 'CANCELLED' WHERE id = 6474 and no = 'PD0406-25A000505' and status = 'CREATED';
DR0428-25A000061,th223,th428,UPDATE th223.gatepass_invoice SET status = 'CANCELLED' WHERE id = 7636 and no = 'DR0428-25A000061' and status = 'CREATED';
PD0406-25A000608,th223,th406,UPDATE th223.gatepass_invoice SET status = 'CANCELLED' WHERE id = 6796 and no = 'PD0406-25A000608' and status = 'CREATED';
PD0205-25A002869,th223,th205,UPDATE th223.gatepass_invoice SET status = 'CANCELLED' WHERE id = 6806 and no = 'PD0205-25A002869' and status = 'CREATED';
PD0406-25A000635,th223,th406,UPDATE th223.gatepass_invoice SET status = 'CANCELLED' WHERE id = 6930 and no = 'PD0406-25A000635' and status = 'CREATED';
DR0205-25A000010,th223,th205,UPDATE th223.gatepass_invoice SET status = 'CANCELLED' WHERE id = 7396 and no = 'DR0205-25A000010' and status = 'CREATED';
PD0428-25A001350,th223,th428,UPDATE th223.gatepass_invoice SET status = 'CANCELLED' WHERE id = 7926 and no = 'PD0428-25A001350' and status = 'CREATED';
PD0406-25A000653,th223,th406,UPDATE th223.gatepass_invoice SET status = 'CANCELLED' WHERE id = 6939 and no = 'PD0406-25A000653' and status = 'CREATED';
PD0205-25A002859,th405,th205,UPDATE th405.gatepass_invoice SET status = 'CANCELLED' WHERE id = 41915 and no = 'PD0205-25A002859' and status = 'CREATED';
DR0205-25A000009,th223,th205,UPDATE th223.gatepass_invoice SET status = 'CANCELLED' WHERE id = 7395 and no = 'DR0205-25A000009' and status = 'CREATED';
DR0224-25A000089,th223,th224,UPDATE th223.gatepass_invoice SET status = 'CANCELLED' WHERE id = 8335 and no = 'DR0224-25A000089' and status = 'CREATED';
DR0224-25A000097,th223,th224,UPDATE th223.gatepass_invoice SET status = 'CANCELLED' WHERE id = 8341 and no = 'DR0224-25A000097' and status = 'CREATED';
PD0205-25A003118,th223,th205,UPDATE th223.gatepass_invoice SET status = 'CANCELLED' WHERE id = 7140 and no = 'PD0205-25A003118' and status = 'CREATED';
U0413-25A0000061,th214,th413,UPDATE th214.gatepass_invoice SET status = 'CANCELLED' WHERE id = 1611041 and no = 'U0413-25A0000061' and status = 'CREATED';
PD0205-25A003115,th223,th205,UPDATE th223.gatepass_invoice SET status = 'CANCELLED' WHERE id = 7137 and no = 'PD0205-25A003115' and status = 'CREATED';
DR0224-25A000035,th223,th224,UPDATE th223.gatepass_invoice SET status = 'CANCELLED' WHERE id = 7447 and no = 'DR0224-25A000035' and status = 'CREATED';
DR0410-25A000022,th409,th410,UPDATE th409.gatepass_invoice SET status = 'CANCELLED' WHERE id = 24298 and no = 'DR0410-25A000022' and status = 'CREATED';
PD0214-25A006066,th223,th214,UPDATE th223.gatepass_invoice SET status = 'CANCELLED' WHERE id = 6776 and no = 'PD0214-25A006066' and status = 'CREATED';
PD0406-25A000599,th223,th406,UPDATE th223.gatepass_invoice SET status = 'CANCELLED' WHERE id = 6781 and no = 'PD0406-25A000599' and status = 'CREATED';
PD0408-25A000836,th223,th408,UPDATE th223.gatepass_invoice SET status = 'CANCELLED' WHERE id = 6430 and no = 'PD0408-25A000836' and status = 'CREATED';
PD0405-25A000404,th223,th405,UPDATE th223.gatepass_invoice SET status = 'CANCELLED' WHERE id = 6681 and no = 'PD0405-25A000404' and status = 'CREATED';
DR0224-25A000063,th223,th224,UPDATE th223.gatepass_invoice SET status = 'CANCELLED' WHERE id = 7480 and no = 'DR0224-25A000063' and status = 'CREATED';
DR0428-25A000052,th223,th428,UPDATE th223.gatepass_invoice SET status = 'CANCELLED' WHERE id = 7630 and no = 'DR0428-25A000052' and status = 'CREATED';
PD0408-25A000831,th223,th408,UPDATE th223.gatepass_invoice SET status = 'CANCELLED' WHERE id = 6427 and no = 'PD0408-25A000831' and status = 'CREATED';
PD0224-25A004804,th223,th224,UPDATE th223.gatepass_invoice SET status = 'CANCELLED' WHERE id = 7129 and no = 'PD0224-25A004804' and status = 'CREATED';
PD0406-25A000593,th223,th406,UPDATE th223.gatepass_invoice SET status = 'CANCELLED' WHERE id = 6778 and no = 'PD0406-25A000593' and status = 'CREATED';
PD0406-25A000537,th223,th406,UPDATE th223.gatepass_invoice SET status = 'CANCELLED' WHERE id = 6572 and no = 'PD0406-25A000537' and status = 'CREATED';
U0224-25A0000076,th223,th224,UPDATE th223.gatepass_invoice SET status = 'CANCELLED' WHERE id = 7466 and no = 'U0224-25A0000076' and status = 'CREATED';
U0224-25A0000046,th223,th224,UPDATE th223.gatepass_invoice SET status = 'CANCELLED' WHERE id = 8203 and no = 'U0224-25A0000046' and status = 'CREATED';
PD0205-25A002881,th223,th205,UPDATE th223.gatepass_invoice SET status = 'CANCELLED' WHERE id = 6817 and no = 'PD0205-25A002881' and status = 'CREATED';
PD0405-25A000335,th223,th405,UPDATE th223.gatepass_invoice SET status = 'CANCELLED' WHERE id = 6612 and no = 'PD0405-25A000335' and status = 'CREATED';
PD0405-25A000338,th223,th405,UPDATE th223.gatepass_invoice SET status = 'CANCELLED' WHERE id = 6615 and no = 'PD0405-25A000338' and status = 'CREATED';
DR0224-25A000044,th223,th224,UPDATE th223.gatepass_invoice SET status = 'CANCELLED' WHERE id = 7452 and no = 'DR0224-25A000044' and status = 'CREATED';
PD0205-25A002717,th214,th205,UPDATE th214.gatepass_invoice SET status = 'CANCELLED' WHERE id = 1610800 and no = 'PD0205-25A002717' and status = 'CREATED';
DR0214-25A002614,th429,th214,UPDATE th429.gatepass_invoice SET status = 'CANCELLED' WHERE id = 56645 and no = 'DR0214-25A002614' and status = 'CREATED';
PD0224-25A005062,th223,th224,UPDATE th223.gatepass_invoice SET status = 'CANCELLED' WHERE id = 7363 and no = 'PD0224-25A005062' and status = 'CREATED';
PD0413-25A003298,th214,th413,UPDATE th214.gatepass_invoice SET status = 'CANCELLED' WHERE id = 1593616 and no = 'PD0413-25A003298' and status = 'CREATED';
U0224-25A0000040,th223,th224,UPDATE th223.gatepass_invoice SET status = 'CANCELLED' WHERE id = 7110 and no = 'U0224-25A0000040' and status = 'CREATED';
DR0425-25A000029,th223,th425,UPDATE th223.gatepass_invoice SET status = 'CANCELLED' WHERE id = 8438 and no = 'DR0425-25A000029' and status = 'CREATED';
P0224-25A0000088,th223,th224,UPDATE th223.gatepass_invoice SET status = 'CANCELLED' WHERE id = 8174 and no = 'P0224-25A0000088' and status = 'CREATED';
PD0405-25A000401,th223,th405,UPDATE th223.gatepass_invoice SET status = 'CANCELLED' WHERE id = 6680 and no = 'PD0405-25A000401' and status = 'CREATED';
PD0224-25A004167,th223,th224,UPDATE th223.gatepass_invoice SET status = 'CANCELLED' WHERE id = 6470 and no = 'PD0224-25A004167' and status = 'CREATED';
DR0429-25A001130,th214,th429,UPDATE th214.gatepass_invoice SET status = 'CANCELLED' WHERE id = 1673731 and no = 'DR0429-25A001130' and status = 'CREATED';
PD0224-25A004406,th223,th224,UPDATE th223.gatepass_invoice SET status = 'CANCELLED' WHERE id = 6732 and no = 'PD0224-25A004406' and status = 'CREATED';
DR0428-25A000072,th223,th428,UPDATE th223.gatepass_invoice SET status = 'CANCELLED' WHERE id = 8245 and no = 'DR0428-25A000072' and status = 'CREATED';
PD0417-25A000118,th421,th417,UPDATE th421.gatepass_invoice SET status = 'CANCELLED' WHERE id = 8049 and no = 'PD0417-25A000118' and status = 'CREATED';
DR0224-25A000160,th223,th224,UPDATE th223.gatepass_invoice SET status = 'CANCELLED' WHERE id = 8523 and no = 'DR0224-25A000160' and status = 'CREATED';
PD0406-25A000531,th205,th406,UPDATE th205.gatepass_invoice SET status = 'CANCELLED' WHERE id = 1305399 and no = 'PD0406-25A000531' and status = 'CREATED';
PD0405-25A000423,th223,th405,UPDATE th223.gatepass_invoice SET status = 'CANCELLED' WHERE id = 6803 and no = 'PD0405-25A000423' and status = 'CREATED';
DR0224-25A000124,th223,th224,UPDATE th223.gatepass_invoice SET status = 'CANCELLED' WHERE id = 8422 and no = 'DR0224-25A000124' and status = 'CREATED';
DR0205-25A000019,th223,th205,UPDATE th223.gatepass_invoice SET status = 'CANCELLED' WHERE id = 7403 and no = 'DR0205-25A000019' and status = 'CREATED';
DR0224-25A000138,th223,th224,UPDATE th223.gatepass_invoice SET status = 'CANCELLED' WHERE id = 8482 and no = 'DR0224-25A000138' and status = 'CREATED';
PD0205-25A002868,th223,th205,UPDATE th223.gatepass_invoice SET status = 'CANCELLED' WHERE id = 6805 and no = 'PD0205-25A002868' and status = 'CREATED';
PD0224-25A004373,th223,th224,UPDATE th223.gatepass_invoice SET status = 'CANCELLED' WHERE id = 6691 and no = 'PD0224-25A004373' and status = 'CREATED';
PD0405-25A000342,th223,th405,UPDATE th223.gatepass_invoice SET status = 'CANCELLED' WHERE id = 6618 and no = 'PD0405-25A000342' and status = 'CREATED';
U0407-25A0000009,th401,th407,UPDATE th401.gatepass_invoice SET status = 'CANCELLED' WHERE id = 46319 and no = 'U0407-25A0000009' and status = 'CREATED';
DR0224-25A000049,th223,th224,UPDATE th223.gatepass_invoice SET status = 'CANCELLED' WHERE id = 7455 and no = 'DR0224-25A000049' and status = 'CREATED';
PD0406-25A000738,th223,th406,UPDATE th223.gatepass_invoice SET status = 'CANCELLED' WHERE id = 7081 and no = 'PD0406-25A000738' and status = 'CREATED';
DR0214-25A002618,th429,th214,UPDATE th429.gatepass_invoice SET status = 'CANCELLED' WHERE id = 56661 and no = 'DR0214-25A002618' and status = 'CREATED';
P0405-25A0000110,th427,th405,UPDATE th427.gatepass_invoice SET status = 'CANCELLED' WHERE id = 135092 and no = 'P0405-25A0000110' and status = 'CREATED';
DR0224-25A000084,th223,th224,UPDATE th223.gatepass_invoice SET status = 'CANCELLED' WHERE id = 12023 and no = 'DR0224-25A000084' and status = 'CREATED';
DR0425-25A000046,th223,th425,UPDATE th223.gatepass_invoice SET status = 'CANCELLED' WHERE id = 8500 and no = 'DR0425-25A000046' and status = 'CREATED';
PD0406-25A000662,th223,th406,UPDATE th223.gatepass_invoice SET status = 'CANCELLED' WHERE id = 6958 and no = 'PD0406-25A000662' and status = 'CREATED';
PD0406-25A000597,th223,th406,UPDATE th223.gatepass_invoice SET status = 'CANCELLED' WHERE id = 6779 and no = 'PD0406-25A000597' and status = 'CREATED';
DR0224-25A000112,th223,th224,UPDATE th223.gatepass_invoice SET status = 'CANCELLED' WHERE id = 8366 and no = 'DR0224-25A000112' and status = 'CREATED';
DR0205-25A000017,th223,th205,UPDATE th223.gatepass_invoice SET status = 'CANCELLED' WHERE id = 7401 and no = 'DR0205-25A000017' and status = 'CREATED';
DR0205-25A000018,th223,th205,UPDATE th223.gatepass_invoice SET status = 'CANCELLED' WHERE id = 7402 and no = 'DR0205-25A000018' and status = 'CREATED';
PD0406-25A000548,th223,th406,UPDATE th223.gatepass_invoice SET status = 'CANCELLED' WHERE id = 6576 and no = 'PD0406-25A000548' and status = 'CREATED';
PD0406-25A000532,th223,th406,UPDATE th223.gatepass_invoice SET status = 'CANCELLED' WHERE id = 6571 and no = 'PD0406-25A000532' and status = 'CREATED';
P0224-25A0000376,th428,th224,UPDATE th428.gatepass_invoice SET status = 'CANCELLED' WHERE id = 54963 and no = 'P0224-25A0000376' and status = 'CREATED';
PD0406-25A000758,th401,th406,UPDATE th401.gatepass_invoice SET status = 'CANCELLED' WHERE id = 45489 and no = 'PD0406-25A000758' and status = 'CREATED';
PD0405-25A000390,th223,th405,UPDATE th223.gatepass_invoice SET status = 'CANCELLED' WHERE id = 6666 and no = 'PD0405-25A000390' and status = 'CREATED';
U0224-25A0000018,th223,th224,UPDATE th223.gatepass_invoice SET status = 'CANCELLED' WHERE id = 6926 and no = 'U0224-25A0000018' and status = 'CREATED';
PD0205-25A003113,th223,th205,UPDATE th223.gatepass_invoice SET status = 'CANCELLED' WHERE id = 7136 and no = 'PD0205-25A003113' and status = 'CREATED';
P0224-25A0000374,th428,th224,UPDATE th428.gatepass_invoice SET status = 'CANCELLED' WHERE id = 54747 and no = 'P0224-25A0000374' and status = 'CREATED';
PD0406-25A000538,th223,th406,UPDATE th223.gatepass_invoice SET status = 'CANCELLED' WHERE id = 6573 and no = 'PD0406-25A000538' and status = 'CREATED';
PD0418-25A000069,th223,th418,UPDATE th223.gatepass_invoice SET status = 'CANCELLED' WHERE id = 6682 and no = 'PD0418-25A000069' and status = 'CREATED';
DR0205-25A000004,th223,th205,UPDATE th223.gatepass_invoice SET status = 'CANCELLED' WHERE id = 7391 and no = 'DR0205-25A000004' and status = 'CREATED';
P0428-25A0000535,th427,th428,UPDATE th427.gatepass_invoice SET status = 'CANCELLED' WHERE id = 124645 and no = 'P0428-25A0000535' and status = 'CREATED';
DR0429-25A001174,th411,th429,UPDATE th411.gatepass_invoice SET status = 'CANCELLED' WHERE id = 122925 and no = 'DR0429-25A001174' and status = 'CREATED';
DR0224-25A000149,th223,th224,UPDATE th223.gatepass_invoice SET status = 'CANCELLED' WHERE id = 12019 and no = 'DR0224-25A000149' and status = 'CREATED';
P0402-25A0000149,th411,th402,UPDATE th411.gatepass_invoice SET status = 'CANCELLED' WHERE id = 116657 and no = 'P0402-25A0000149' and status = 'CREATED';
DR0224-25A000142,th223,th224,UPDATE th223.gatepass_invoice SET status = 'CANCELLED' WHERE id = 8490 and no = 'DR0224-25A000142' and status = 'CREATED';
PD0406-25A000628,th223,th406,UPDATE th223.gatepass_invoice SET status = 'CANCELLED' WHERE id = 6897 and no = 'PD0406-25A000628' and status = 'CREATED';
U0413-25A0000010,th223,th413,UPDATE th223.gatepass_invoice SET status = 'CANCELLED' WHERE id = 6838 and no = 'U0413-25A0000010' and status = 'CREATED';
PD0428-25A001349,th223,th428,UPDATE th223.gatepass_invoice SET status = 'CANCELLED' WHERE id = 7925 and no = 'PD0428-25A001349' and status = 'CREATED';
PD0425-25A001902,th223,th425,UPDATE th223.gatepass_invoice SET status = 'CANCELLED' WHERE id = 8148 and no = 'PD0425-25A001902' and status = 'CREATED';
PD0205-25A002887,th223,th205,UPDATE th223.gatepass_invoice SET status = 'CANCELLED' WHERE id = 6825 and no = 'PD0205-25A002887' and status = 'CREATED';
PD0405-25A000318,th223,th405,UPDATE th223.gatepass_invoice SET status = 'CANCELLED' WHERE id = 8222 and no = 'PD0405-25A000318' and status = 'CREATED';
DR0224-25A000045,th223,th224,UPDATE th223.gatepass_invoice SET status = 'CANCELLED' WHERE id = 7453 and no = 'DR0224-25A000045' and status = 'CREATED';
DR0428-25A000028,th223,th428,UPDATE th223.gatepass_invoice SET status = 'CANCELLED' WHERE id = 7519 and no = 'DR0428-25A000028' and status = 'CREATED';
U0224-25A0000071,th223,th224,UPDATE th223.gatepass_invoice SET status = 'CANCELLED' WHERE id = 8209 and no = 'U0224-25A0000071' and status = 'CREATED';
DR0224-25A000013,th223,th224,UPDATE th223.gatepass_invoice SET status = 'CANCELLED' WHERE id = 7420 and no = 'DR0224-25A000013' and status = 'CREATED';
U0224-25A0000061,th223,th224,UPDATE th223.gatepass_invoice SET status = 'CANCELLED' WHERE id = 7380 and no = 'U0224-25A0000061' and status = 'CREATED';
PD0205-25A002886,th223,th205,UPDATE th223.gatepass_invoice SET status = 'CANCELLED' WHERE id = 6824 and no = 'PD0205-25A002886' and status = 'CREATED';
U0224-25A0000028,th223,th224,UPDATE th223.gatepass_invoice SET status = 'CANCELLED' WHERE id = 8196 and no = 'U0224-25A0000028' and status = 'CREATED';
PD0224-25A004807,th223,th224,UPDATE th223.gatepass_invoice SET status = 'CANCELLED' WHERE id = 8187 and no = 'PD0224-25A004807' and status = 'CREATED';
P0213-25A0000044,th429,th213,UPDATE th429.gatepass_invoice SET status = 'CANCELLED' WHERE id = 59464 and no = 'P0213-25A0000044' and status = 'CREATED';
PD0205-25A002872,th223,th205,UPDATE th223.gatepass_invoice SET status = 'CANCELLED' WHERE id = 6808 and no = 'PD0205-25A002872' and status = 'CREATED';
DR0425-25A000040,th223,th425,UPDATE th223.gatepass_invoice SET status = 'CANCELLED' WHERE id = 8496 and no = 'DR0425-25A000040' and status = 'CREATED';
PD0425-25A002029,th223,th425,UPDATE th223.gatepass_invoice SET status = 'CANCELLED' WHERE id = 8154 and no = 'PD0425-25A002029' and status = 'CREATED';
U0224-25A0000029,th223,th224,UPDATE th223.gatepass_invoice SET status = 'CANCELLED' WHERE id = 8197 and no = 'U0224-25A0000029' and status = 'CREATED';
DR0224-25A000108,th223,th224,UPDATE th223.gatepass_invoice SET status = 'CANCELLED' WHERE id = 8357 and no = 'DR0224-25A000108' and status = 'CREATED';
DR0224-25A000059,th223,th224,UPDATE th223.gatepass_invoice SET status = 'CANCELLED' WHERE id = 7471 and no = 'DR0224-25A000059' and status = 'CREATED';
PD0406-25A000626,th223,th406,UPDATE th223.gatepass_invoice SET status = 'CANCELLED' WHERE id = 6896 and no = 'PD0406-25A000626' and status = 'CREATED';
PD0224-25A004449,th223,th224,UPDATE th223.gatepass_invoice SET status = 'CANCELLED' WHERE id = 6864 and no = 'PD0224-25A004449' and status = 'CREATED';
P0214-25A0002998,th429,th214,UPDATE th429.gatepass_invoice SET status = 'CANCELLED' WHERE id = 65626 and no = 'P0214-25A0002998' and status = 'CREATED';
P0407-25A0000076,th224,th407,UPDATE th224.gatepass_invoice SET status = 'CANCELLED' WHERE id = 1568083 and no = 'P0407-25A0000076' and status = 'CREATED';
DR0224-25A000033,th223,th224,UPDATE th223.gatepass_invoice SET status = 'CANCELLED' WHERE id = 7446 and no = 'DR0224-25A000033' and status = 'CREATED';
PD0224-25A004806,th223,th224,UPDATE th223.gatepass_invoice SET status = 'CANCELLED' WHERE id = 7131 and no = 'PD0224-25A004806' and status = 'CREATED';
DR0429-25A001120,th435,th429,UPDATE th435.gatepass_invoice SET status = 'CANCELLED' WHERE id = 13261 and no = 'DR0429-25A001120' and status = 'CREATED';
PD0406-25A000736,th223,th406,UPDATE th223.gatepass_invoice SET status = 'CANCELLED' WHERE id = 7079 and no = 'PD0406-25A000736' and status = 'CREATED';
DR0413-25A000959,th214,th413,UPDATE th214.gatepass_invoice SET status = 'CANCELLED' WHERE id = 1615223 and no = 'DR0413-25A000959' and status = 'CREATED';
PD0406-25A000498,th401,th406,UPDATE th401.gatepass_invoice SET status = 'CANCELLED' WHERE id = 44505 and no = 'PD0406-25A000498' and status = 'CREATED';
PD0406-25A000675,th223,th406,UPDATE th223.gatepass_invoice SET status = 'CANCELLED' WHERE id = 7035 and no = 'PD0406-25A000675' and status = 'CREATED';
P0224-25A0000161,th223,th224,UPDATE th223.gatepass_invoice SET status = 'CANCELLED' WHERE id = 8491 and no = 'P0224-25A0000161' and status = 'CREATED';
PD0224-25A004396,th223,th224,UPDATE th223.gatepass_invoice SET status = 'CANCELLED' WHERE id = 6699 and no = 'PD0224-25A004396' and status = 'CREATED';
P0213-25A0000034,th429,th213,UPDATE th429.gatepass_invoice SET status = 'CANCELLED' WHERE id = 59454 and no = 'P0213-25A0000034' and status = 'CREATED';
U0224-25A0000077,th223,th224,UPDATE th223.gatepass_invoice SET status = 'CANCELLED' WHERE id = 7470 and no = 'U0224-25A0000077' and status = 'CREATED';
DR0411-25A000050,th402,th411,UPDATE th402.gatepass_invoice SET status = 'CANCELLED' WHERE id = 234325 and no = 'DR0411-25A000050' and status = 'CREATED';
DR0224-25A000449,th407,th224,UPDATE th407.gatepass_invoice SET status = 'CANCELLED' WHERE id = 22280 and no = 'DR0224-25A000449' and status = 'CREATED';
DR0224-25A000073,th223,th224,UPDATE th223.gatepass_invoice SET status = 'CANCELLED' WHERE id = 11952 and no = 'DR0224-25A000073' and status = 'CREATED';
PD0406-25A000584,th223,th406,UPDATE th223.gatepass_invoice SET status = 'CANCELLED' WHERE id = 6777 and no = 'PD0406-25A000584' and status = 'CREATED';
DR0205-25A000014,th223,th205,UPDATE th223.gatepass_invoice SET status = 'CANCELLED' WHERE id = 7399 and no = 'DR0205-25A000014' and status = 'CREATED';
DR0224-25A000099,th223,th224,UPDATE th223.gatepass_invoice SET status = 'CANCELLED' WHERE id = 8345 and no = 'DR0224-25A000099' and status = 'CREATED';
U0224-25A0000082,th223,th224,UPDATE th223.gatepass_invoice SET status = 'CANCELLED' WHERE id = 7483 and no = 'U0224-25A0000082' and status = 'CREATED';
U0425-25A0000004,th223,th425,UPDATE th223.gatepass_invoice SET status = 'CANCELLED' WHERE id = 6683 and no = 'U0425-25A0000004' and status = 'CREATED';
PD0425-25A001980,th223,th425,UPDATE th223.gatepass_invoice SET status = 'CANCELLED' WHERE id = 8150 and no = 'PD0425-25A001980' and status = 'CREATED';
PD0205-25A002875,th223,th205,UPDATE th223.gatepass_invoice SET status = 'CANCELLED' WHERE id = 6810 and no = 'PD0205-25A002875' and status = 'CREATED';
DR0411-25A000032,th402,th411,UPDATE th402.gatepass_invoice SET status = 'CANCELLED' WHERE id = 227878 and no = 'DR0411-25A000032' and status = 'CREATED';
U0224-25A0000037,th223,th224,UPDATE th223.gatepass_invoice SET status = 'CANCELLED' WHERE id = 7045 and no = 'U0224-25A0000037' and status = 'CREATED';
PD0205-25A002477,th223,th205,UPDATE th223.gatepass_invoice SET status = 'CANCELLED' WHERE id = 6570 and no = 'PD0205-25A002477' and status = 'CREATED';
PD0205-25A003108,th223,th205,UPDATE th223.gatepass_invoice SET status = 'CANCELLED' WHERE id = 7132 and no = 'PD0205-25A003108' and status = 'CREATED';
PD0405-25A000344,th223,th405,UPDATE th223.gatepass_invoice SET status = 'CANCELLED' WHERE id = 6620 and no = 'PD0405-25A000344' and status = 'CREATED';
PD0224-25A004392,th223,th224,UPDATE th223.gatepass_invoice SET status = 'CANCELLED' WHERE id = 6695 and no = 'PD0224-25A004392' and status = 'CREATED';
DR0410-25A000021,th411,th410,UPDATE th411.gatepass_invoice SET status = 'CANCELLED' WHERE id = 123454 and no = 'DR0410-25A000021' and status = 'CREATED';
DR0214-25A002998,th429,th214,UPDATE th429.gatepass_invoice SET status = 'CANCELLED' WHERE id = 57814 and no = 'DR0214-25A002998' and status = 'CREATED';
U0425-25A0000002,th223,th425,UPDATE th223.gatepass_invoice SET status = 'CANCELLED' WHERE id = 8158 and no = 'U0425-25A0000002' and status = 'CREATED';
DR0224-25A000006,th223,th224,UPDATE th223.gatepass_invoice SET status = 'CANCELLED' WHERE id = 7379 and no = 'DR0224-25A000006' and status = 'CREATED';
PD0406-25A000496,th214,th406,UPDATE th214.gatepass_invoice SET status = 'CANCELLED' WHERE id = 1584278 and no = 'PD0406-25A000496' and status = 'CREATED';
PD0205-25A003117,th223,th205,UPDATE th223.gatepass_invoice SET status = 'CANCELLED' WHERE id = 7139 and no = 'PD0205-25A003117' and status = 'CREATED';
P0428-25A0000540,th427,th428,UPDATE th427.gatepass_invoice SET status = 'CANCELLED' WHERE id = 125004 and no = 'P0428-25A0000540' and status = 'CREATED';
PD0405-25A000343,th223,th405,UPDATE th223.gatepass_invoice SET status = 'CANCELLED' WHERE id = 6619 and no = 'PD0405-25A000343' and status = 'CREATED';
PD0405-25A000418,th223,th405,UPDATE th223.gatepass_invoice SET status = 'CANCELLED' WHERE id = 6800 and no = 'PD0405-25A000418' and status = 'CREATED';
PD0406-25A000512,th223,th406,UPDATE th223.gatepass_invoice SET status = 'CANCELLED' WHERE id = 6476 and no = 'PD0406-25A000512' and status = 'CREATED';
PD0406-25A000655,th223,th406,UPDATE th223.gatepass_invoice SET status = 'CANCELLED' WHERE id = 6957 and no = 'PD0406-25A000655' and status = 'CREATED';
PD0205-25A002769,th223,th205,UPDATE th223.gatepass_invoice SET status = 'CANCELLED' WHERE id = 6664 and no = 'PD0205-25A002769' and status = 'CREATED';
PD0405-25A000419,th223,th405,UPDATE th223.gatepass_invoice SET status = 'CANCELLED' WHERE id = 6801 and no = 'PD0405-25A000419' and status = 'CREATED';
PD0224-25A004803,th223,th224,UPDATE th223.gatepass_invoice SET status = 'CANCELLED' WHERE id = 7118 and no = 'PD0224-25A004803' and status = 'CREATED';
PD0205-25A002766,th223,th205,UPDATE th223.gatepass_invoice SET status = 'CANCELLED' WHERE id = 6662 and no = 'PD0205-25A002766' and status = 'CREATED';
PD0406-25A000618,th214,th406,UPDATE th214.gatepass_invoice SET status = 'CANCELLED' WHERE id = 1590170 and no = 'PD0406-25A000618' and status = 'CREATED';
