source_debit_note_number,dest_tenant,source_tenant,cancelInvoiceQuery
P0213-25A0000031,th429,th213,UPDATE th429.inward_invoice SET status = 'CANCELLED' WHERE id = 140297 and invoice_no = 'P0213-25A0000031' and status = 'StockHidden';
DR0402-25A000076,th403,th402,UPDATE th403.inward_invoice SET status = 'CANCELLED' WHERE id = 29047 and invoice_no = 'DR0402-25A000076' and status = 'StockHidden';
P0435-25A0000025,th214,th435,UPDATE th214.inward_invoice SET status = 'CANCELLED' WHERE id = 1077802 and invoice_no = 'P0435-25A0000025' and status = 'StockHidden';
P0411-25A0000085,th403,th411,UPDATE th403.inward_invoice SET status = 'CANCELLED' WHERE id = 30258 and invoice_no = 'P0411-25A0000085' and status = 'StockHidden';
DR0428-25A000426,th224,th428,UPDATE th224.inward_invoice SET status = 'CANCELLED' WHERE id = 933529 and invoice_no = 'DR0428-25A000426' and status = 'StockHidden';
DR0401-25A000045,th425,th401,UPDATE th425.inward_invoice SET status = 'CANCELLED' WHERE id = 105617 and invoice_no = 'DR0401-25A000045' and status = 'StockHidden';
P0401-25A0000150,th428,th401,UPDATE th428.inward_invoice SET status = 'CANCELLED' WHERE id = 47787 and invoice_no = 'P0401-25A0000150' and status = 'StockHidden';
DR0428-25A000374,th224,th428,UPDATE th224.inward_invoice SET status = 'CANCELLED' WHERE id = 929994 and invoice_no = 'DR0428-25A000374' and status = 'StockHidden';
DR0224-25A000741,th437,th224,UPDATE th437.inward_invoice SET status = 'CANCELLED' WHERE id = 26542 and invoice_no = 'DR0224-25A000741' and status = 'StockHidden';
DR0401-25A000040,th424,th401,UPDATE th424.inward_invoice SET status = 'CANCELLED' WHERE id = 21048 and invoice_no = 'DR0401-25A000040' and status = 'StockHidden';
DR0411-25A000063,th402,th411,UPDATE th402.inward_invoice SET status = 'CANCELLED' WHERE id = 229781 and invoice_no = 'DR0411-25A000063' and status = 'StockHidden';
P0213-25A0000009,th429,th213,UPDATE th429.inward_invoice SET status = 'CANCELLED' WHERE id = 140275 and invoice_no = 'P0213-25A0000009' and status = 'StockHidden';
P0429-25A0000076,th435,th429,UPDATE th435.inward_invoice SET status = 'CANCELLED' WHERE id = 64631 and invoice_no = 'P0429-25A0000076' and status = 'StockHidden';
P0413-25A0000309,th429,th413,UPDATE th429.inward_invoice SET status = 'CANCELLED' WHERE id = 141872 and invoice_no = 'P0413-25A0000309' and status = 'StockHidden';
P0213-25A0000014,th429,th213,UPDATE th429.inward_invoice SET status = 'CANCELLED' WHERE id = 140280 and invoice_no = 'P0213-25A0000014' and status = 'StockHidden';
DR0435-25A000399,th214,th435,UPDATE th214.inward_invoice SET status = 'CANCELLED' WHERE id = 1076098 and invoice_no = 'DR0435-25A000399' and status = 'StockHidden';
DR0428-25A000368,th224,th428,UPDATE th224.inward_invoice SET status = 'CANCELLED' WHERE id = 929863 and invoice_no = 'DR0428-25A000368' and status = 'StockHidden';
DR0428-25A000372,th224,th428,UPDATE th224.inward_invoice SET status = 'CANCELLED' WHERE id = 929919 and invoice_no = 'DR0428-25A000372' and status = 'StockHidden';
P0429-25A0000075,th214,th429,UPDATE th214.inward_invoice SET status = 'CANCELLED' WHERE id = 1079141 and invoice_no = 'P0429-25A0000075' and status = 'StockHidden';
P0401-25A0000175,th417,th401,UPDATE th417.inward_invoice SET status = 'CANCELLED' WHERE id = 40992 and invoice_no = 'P0401-25A0000175' and status = 'StockHidden';
DR0401-25A000029,th224,th401,UPDATE th224.inward_invoice SET status = 'CANCELLED' WHERE id = 930667 and invoice_no = 'DR0401-25A000029' and status = 'StockHidden';
DR0401-25A000032,th402,th401,UPDATE th402.inward_invoice SET status = 'CANCELLED' WHERE id = 229738 and invoice_no = 'DR0401-25A000032' and status = 'StockHidden';
P0425-25A0000081,th214,th425,UPDATE th214.inward_invoice SET status = 'CANCELLED' WHERE id = 1077753 and invoice_no = 'P0425-25A0000081' and status = 'StockHidden';
DR0213-25A000019,th435,th213,UPDATE th435.inward_invoice SET status = 'CANCELLED' WHERE id = 63695 and invoice_no = 'DR0213-25A000019' and status = 'StockHidden';
P0401-25A0000171,th424,th401,UPDATE th424.inward_invoice SET status = 'CANCELLED' WHERE id = 21046 and invoice_no = 'P0401-25A0000171' and status = 'StockHidden';
P0425-25A0000100,th205,th425,UPDATE th205.inward_invoice SET status = 'CANCELLED' WHERE id = 555494 and invoice_no = 'P0425-25A0000100' and status = 'StockHidden';
P0435-25A0000039,th214,th435,UPDATE th214.inward_invoice SET status = 'CANCELLED' WHERE id = 1078394 and invoice_no = 'P0435-25A0000039' and status = 'StockHidden';
P0435-25A0000035,th429,th435,UPDATE th429.inward_invoice SET status = 'CANCELLED' WHERE id = 142764 and invoice_no = 'P0435-25A0000035' and status = 'StockHidden';
P0401-25A0000181,th224,th401,UPDATE th224.inward_invoice SET status = 'CANCELLED' WHERE id = 933228 and invoice_no = 'P0401-25A0000181' and status = 'StockHidden';
DR0403-25A000021,th411,th403,UPDATE th411.inward_invoice SET status = 'CANCELLED' WHERE id = 201614 and invoice_no = 'DR0403-25A000021' and status = 'StockHidden';
P0401-25A0000179,th425,th401,UPDATE th425.inward_invoice SET status = 'CANCELLED' WHERE id = 105618 and invoice_no = 'P0401-25A0000179' and status = 'StockHidden';
P0435-25A0000041,th214,th435,UPDATE th214.inward_invoice SET status = 'CANCELLED' WHERE id = 1078399 and invoice_no = 'P0435-25A0000041' and status = 'StockHidden';
P0435-25A0000040,th429,th435,UPDATE th429.inward_invoice SET status = 'CANCELLED' WHERE id = 142768 and invoice_no = 'P0435-25A0000040' and status = 'StockHidden';
P0435-25A0000026,th429,th435,UPDATE th429.inward_invoice SET status = 'CANCELLED' WHERE id = 142553 and invoice_no = 'P0435-25A0000026' and status = 'StockHidden';
P0213-25A0000037,th429,th213,UPDATE th429.inward_invoice SET status = 'CANCELLED' WHERE id = 140303 and invoice_no = 'P0213-25A0000037' and status = 'StockHidden';
DR0409-25A000002,th411,th409,UPDATE th411.inward_invoice SET status = 'CANCELLED' WHERE id = 199962 and invoice_no = 'DR0409-25A000002' and status = 'StockHidden';
P0401-25A0000178,th411,th401,UPDATE th411.inward_invoice SET status = 'CANCELLED' WHERE id = 202602 and invoice_no = 'P0401-25A0000178' and status = 'StockHidden';
DR0224-25A000148,th223,th224,UPDATE th223.inward_invoice SET status = 'CANCELLED' WHERE id = 70575 and invoice_no = 'DR0224-25A000148' and status = 'StockHidden';
P0224-25A0000128,th223,th224,UPDATE th223.inward_invoice SET status = 'CANCELLED' WHERE id = 70427 and invoice_no = 'P0224-25A0000128' and status = 'StockHidden';
P0401-25A0000163,th205,th401,UPDATE th205.inward_invoice SET status = 'CANCELLED' WHERE id = 555361 and invoice_no = 'P0401-25A0000163' and status = 'StockHidden';
DR0224-25A000070,th223,th224,UPDATE th223.inward_invoice SET status = 'CANCELLED' WHERE id = 70346 and invoice_no = 'DR0224-25A000070' and status = 'StockHidden';
DR0413-25A000965,th429,th413,UPDATE th429.inward_invoice SET status = 'CANCELLED' WHERE id = 134485 and invoice_no = 'DR0413-25A000965' and status = 'StockHidden';
DR0224-25A000075,th223,th224,UPDATE th223.inward_invoice SET status = 'CANCELLED' WHERE id = 70358 and invoice_no = 'DR0224-25A000075' and status = 'StockHidden';
PD0407-25A000577,th223,th407,UPDATE th223.inward_invoice SET status = 'CANCELLED' WHERE id = 69249 and invoice_no = 'PD0407-25A000577' and status = 'StockHidden';
DR0224-25A000071,th223,th224,UPDATE th223.inward_invoice SET status = 'CANCELLED' WHERE id = 70349 and invoice_no = 'DR0224-25A000071' and status = 'StockHidden';
P0434-25A0000010,th409,th434,UPDATE th409.inward_invoice SET status = 'CANCELLED' WHERE id = 52290 and invoice_no = 'P0434-25A0000010' and status = 'StockHidden';
P0402-25A0000086,th411,th402,UPDATE th411.inward_invoice SET status = 'CANCELLED' WHERE id = 194972 and invoice_no = 'P0402-25A0000086' and status = 'StockHidden';
P0434-25A0000004,th409,th434,UPDATE th409.inward_invoice SET status = 'CANCELLED' WHERE id = 52015 and invoice_no = 'P0434-25A0000004' and status = 'StockHidden';
DR0224-25A000152,th223,th224,UPDATE th223.inward_invoice SET status = 'CANCELLED' WHERE id = 70586 and invoice_no = 'DR0224-25A000152' and status = 'StockHidden';
P0410-25A0000078,th411,th410,UPDATE th411.inward_invoice SET status = 'CANCELLED' WHERE id = 192140 and invoice_no = 'P0410-25A0000078' and status = 'StockHidden';
DR0417-25A000206,th418,th417,UPDATE th418.inward_invoice SET status = 'CANCELLED' WHERE id = 29066 and invoice_no = 'DR0417-25A000206' and status = 'StockHidden';
DR0401-25A000042,th418,th401,UPDATE th418.inward_invoice SET status = 'CANCELLED' WHERE id = 29048 and invoice_no = 'DR0401-25A000042' and status = 'StockHidden';
DR0224-25A000509,th427,th224,UPDATE th427.inward_invoice SET status = 'CANCELLED' WHERE id = 181542 and invoice_no = 'DR0224-25A000509' and status = 'StockHidden';
U0224-25A0000069,th223,th224,UPDATE th223.inward_invoice SET status = 'CANCELLED' WHERE id = 70230 and invoice_no = 'U0224-25A0000069' and status = 'StockHidden';
P0417-25A0000040,th429,th417,UPDATE th429.inward_invoice SET status = 'CANCELLED' WHERE id = 135548 and invoice_no = 'P0417-25A0000040' and status = 'StockHidden';
U0224-25A0000031,th223,th224,UPDATE th223.inward_invoice SET status = 'CANCELLED' WHERE id = 69035 and invoice_no = 'U0224-25A0000031' and status = 'StockHidden';
PD0406-25A000775,th411,th406,UPDATE th411.inward_invoice SET status = 'CANCELLED' WHERE id = 180352 and invoice_no = 'PD0406-25A000775' and status = 'StockHidden';
DR0421-25A000020,th429,th421,UPDATE th429.inward_invoice SET status = 'CANCELLED' WHERE id = 141871 and invoice_no = 'DR0421-25A000020' and status = 'StockHidden';
U0224-25A0000036,th223,th224,UPDATE th223.inward_invoice SET status = 'CANCELLED' WHERE id = 70223 and invoice_no = 'U0224-25A0000036' and status = 'StockHidden';
P0434-25A0000008,th409,th434,UPDATE th409.inward_invoice SET status = 'CANCELLED' WHERE id = 52277 and invoice_no = 'P0434-25A0000008' and status = 'StockHidden';
PD0214-25A006033,th223,th214,UPDATE th223.inward_invoice SET status = 'CANCELLED' WHERE id = 68805 and invoice_no = 'PD0214-25A006033' and status = 'StockHidden';
DR0435-25A000456,th418,th435,UPDATE th418.inward_invoice SET status = 'CANCELLED' WHERE id = 29042 and invoice_no = 'DR0435-25A000456' and status = 'StockHidden';
PD0407-25A000610,th223,th407,UPDATE th223.inward_invoice SET status = 'CANCELLED' WHERE id = 69398 and invoice_no = 'PD0407-25A000610' and status = 'StockHidden';
PD0224-25A003847,th223,th224,UPDATE th223.inward_invoice SET status = 'CANCELLED' WHERE id = 70205 and invoice_no = 'PD0224-25A003847' and status = 'StockHidden';
U0413-25A0000047,th214,th413,UPDATE th214.inward_invoice SET status = 'CANCELLED' WHERE id = 1039144 and invoice_no = 'U0413-25A0000047' and status = 'StockHidden';
P0224-25A0000178,th223,th224,UPDATE th223.inward_invoice SET status = 'CANCELLED' WHERE id = 113878 and invoice_no = 'P0224-25A0000178' and status = 'StockHidden';
U0224-25A0000020,th223,th224,UPDATE th223.inward_invoice SET status = 'CANCELLED' WHERE id = 70214 and invoice_no = 'U0224-25A0000020' and status = 'StockHidden';
P0411-25A0000052,th402,th411,UPDATE th402.inward_invoice SET status = 'CANCELLED' WHERE id = 222038 and invoice_no = 'P0411-25A0000052' and status = 'StockHidden';
DR0408-25A000107,th418,th408,UPDATE th418.inward_invoice SET status = 'CANCELLED' WHERE id = 27999 and invoice_no = 'DR0408-25A000107' and status = 'StockHidden';
P0434-25A0000002,th409,th434,UPDATE th409.inward_invoice SET status = 'CANCELLED' WHERE id = 51998 and invoice_no = 'P0434-25A0000002' and status = 'StockHidden';
P0213-25A0000060,th429,th213,UPDATE th429.inward_invoice SET status = 'CANCELLED' WHERE id = 141421 and invoice_no = 'P0213-25A0000060' and status = 'StockHidden';
DR0224-25A000140,th223,th224,UPDATE th223.inward_invoice SET status = 'CANCELLED' WHERE id = 70512 and invoice_no = 'DR0224-25A000140' and status = 'StockHidden';
U0224-25A0000008,th223,th224,UPDATE th223.inward_invoice SET status = 'CANCELLED' WHERE id = 70211 and invoice_no = 'U0224-25A0000008' and status = 'StockHidden';
P0429-25A0000074,th421,th429,UPDATE th421.inward_invoice SET status = 'CANCELLED' WHERE id = 28977 and invoice_no = 'P0429-25A0000074' and status = 'StockHidden';
P0224-25A0000530,th427,th224,UPDATE th427.inward_invoice SET status = 'CANCELLED' WHERE id = 182585 and invoice_no = 'P0224-25A0000530' and status = 'StockHidden';
P0411-25A0000050,th402,th411,UPDATE th402.inward_invoice SET status = 'CANCELLED' WHERE id = 221865 and invoice_no = 'P0411-25A0000050' and status = 'StockHidden';
P0224-25A0000377,th428,th224,UPDATE th428.inward_invoice SET status = 'CANCELLED' WHERE id = 48390 and invoice_no = 'P0224-25A0000377' and status = 'StockHidden';
DR0424-25A000006,th418,th424,UPDATE th418.inward_invoice SET status = 'CANCELLED' WHERE id = 26852 and invoice_no = 'DR0424-25A000006' and status = 'StockHidden';
P0434-25A0000003,th409,th434,UPDATE th409.inward_invoice SET status = 'CANCELLED' WHERE id = 52003 and invoice_no = 'P0434-25A0000003' and status = 'StockHidden';
DR0435-25A000444,th418,th435,UPDATE th418.inward_invoice SET status = 'CANCELLED' WHERE id = 29030 and invoice_no = 'DR0435-25A000444' and status = 'StockHidden';
DR0214-25A002594,th417,th214,UPDATE th417.inward_invoice SET status = 'CANCELLED' WHERE id = 40246 and invoice_no = 'DR0214-25A002594' and status = 'StockHidden';
DR0224-25A000109,th223,th224,UPDATE th223.inward_invoice SET status = 'CANCELLED' WHERE id = 70421 and invoice_no = 'DR0224-25A000109' and status = 'StockHidden';
U0224-25A0000078,th223,th224,UPDATE th223.inward_invoice SET status = 'CANCELLED' WHERE id = 69528 and invoice_no = 'U0224-25A0000078' and status = 'StockHidden';
P0425-25A0000046,th427,th425,UPDATE th427.inward_invoice SET status = 'CANCELLED' WHERE id = 175879 and invoice_no = 'P0425-25A0000046' and status = 'StockHidden';
P0428-25A0000554,th224,th428,UPDATE th224.inward_invoice SET status = 'CANCELLED' WHERE id = 929865 and invoice_no = 'P0428-25A0000554' and status = 'StockHidden';
U0224-25A0000073,th223,th224,UPDATE th223.inward_invoice SET status = 'CANCELLED' WHERE id = 70233 and invoice_no = 'U0224-25A0000073' and status = 'StockHidden';
P0428-25A0000566,th224,th428,UPDATE th224.inward_invoice SET status = 'CANCELLED' WHERE id = 929917 and invoice_no = 'P0428-25A0000566' and status = 'StockHidden';
DR0224-25A000068,th223,th224,UPDATE th223.inward_invoice SET status = 'CANCELLED' WHERE id = 69644 and invoice_no = 'DR0224-25A000068' and status = 'StockHidden';
U0224-25A0000062,th223,th224,UPDATE th223.inward_invoice SET status = 'CANCELLED' WHERE id = 69484 and invoice_no = 'U0224-25A0000062' and status = 'StockHidden';
U0406-25A0000001,th205,th406,UPDATE th205.inward_invoice SET status = 'CANCELLED' WHERE id = 532070 and invoice_no = 'U0406-25A0000001' and status = 'StockHidden';
DR0428-25A000013,th223,th428,UPDATE th223.inward_invoice SET status = 'CANCELLED' WHERE id = 69495 and invoice_no = 'DR0428-25A000013' and status = 'StockHidden';
PD0406-25A000516,th205,th406,UPDATE th205.inward_invoice SET status = 'CANCELLED' WHERE id = 538453 and invoice_no = 'PD0406-25A000516' and status = 'StockHidden';
DR0224-25A000111,th223,th224,UPDATE th223.inward_invoice SET status = 'CANCELLED' WHERE id = 70430 and invoice_no = 'DR0224-25A000111' and status = 'StockHidden';
PD0224-25A004263,th223,th224,UPDATE th223.inward_invoice SET status = 'CANCELLED' WHERE id = 68598 and invoice_no = 'PD0224-25A004263' and status = 'StockHidden';
DR0434-25A000008,th410,th434,UPDATE th410.inward_invoice SET status = 'CANCELLED' WHERE id = 63099 and invoice_no = 'DR0434-25A000008' and status = 'StockHidden';
DR0411-25A000015,th403,th411,UPDATE th403.inward_invoice SET status = 'CANCELLED' WHERE id = 30054 and invoice_no = 'DR0411-25A000015' and status = 'StockHidden';
PD0406-25A000567,th205,th406,UPDATE th205.inward_invoice SET status = 'CANCELLED' WHERE id = 532114 and invoice_no = 'PD0406-25A000567' and status = 'StockHidden';
DR0224-25A000091,th223,th224,UPDATE th223.inward_invoice SET status = 'CANCELLED' WHERE id = 70393 and invoice_no = 'DR0224-25A000091' and status = 'StockHidden';
U0224-25A0000065,th223,th224,UPDATE th223.inward_invoice SET status = 'CANCELLED' WHERE id = 69492 and invoice_no = 'U0224-25A0000065' and status = 'StockHidden';
U0224-25A0000086,th425,th224,UPDATE th425.inward_invoice SET status = 'CANCELLED' WHERE id = 102820 and invoice_no = 'U0224-25A0000086' and status = 'StockHidden';
P0224-25A0000195,th427,th224,UPDATE th427.inward_invoice SET status = 'CANCELLED' WHERE id = 174066 and invoice_no = 'P0224-25A0000195' and status = 'StockHidden';
U0224-25A0000047,th223,th224,UPDATE th223.inward_invoice SET status = 'CANCELLED' WHERE id = 69267 and invoice_no = 'U0224-25A0000047' and status = 'StockHidden';
P0434-25A0000009,th410,th434,UPDATE th410.inward_invoice SET status = 'CANCELLED' WHERE id = 63718 and invoice_no = 'P0434-25A0000009' and status = 'StockHidden';
DR0428-25A000063,th223,th428,UPDATE th223.inward_invoice SET status = 'CANCELLED' WHERE id = 69647 and invoice_no = 'DR0428-25A000063' and status = 'StockHidden';
U0428-25A0000001,th223,th428,UPDATE th223.inward_invoice SET status = 'CANCELLED' WHERE id = 69219 and invoice_no = 'U0428-25A0000001' and status = 'StockHidden';
DR0421-25A000006,th429,th421,UPDATE th429.inward_invoice SET status = 'CANCELLED' WHERE id = 134491 and invoice_no = 'DR0421-25A000006' and status = 'StockHidden';
P0411-25A0000087,th409,th411,UPDATE th409.inward_invoice SET status = 'CANCELLED' WHERE id = 51819 and invoice_no = 'P0411-25A0000087' and status = 'StockHidden';
PD0224-25A003991,th223,th224,UPDATE th223.inward_invoice SET status = 'CANCELLED' WHERE id = 68411 and invoice_no = 'PD0224-25A003991' and status = 'StockHidden';
U0424-25A0000004,th430,th424,UPDATE th430.inward_invoice SET status = 'CANCELLED' WHERE id = 30861 and invoice_no = 'U0424-25A0000004' and status = 'StockHidden';
U0224-25A0000072,th223,th224,UPDATE th223.inward_invoice SET status = 'CANCELLED' WHERE id = 69512 and invoice_no = 'U0224-25A0000072' and status = 'StockHidden';
DR0413-25A001218,th418,th413,UPDATE th418.inward_invoice SET status = 'CANCELLED' WHERE id = 28880 and invoice_no = 'DR0413-25A001218' and status = 'StockHidden';
DR0428-25A000001,th223,th428,UPDATE th223.inward_invoice SET status = 'CANCELLED' WHERE id = 69432 and invoice_no = 'DR0428-25A000001' and status = 'StockHidden';
PD0224-25A004445,th223,th224,UPDATE th223.inward_invoice SET status = 'CANCELLED' WHERE id = 68914 and invoice_no = 'PD0224-25A004445' and status = 'StockHidden';
P0428-25A0000534,th224,th428,UPDATE th224.inward_invoice SET status = 'CANCELLED' WHERE id = 922369 and invoice_no = 'P0428-25A0000534' and status = 'StockHidden';
P0224-25A0000375,th428,th224,UPDATE th428.inward_invoice SET status = 'CANCELLED' WHERE id = 48293 and invoice_no = 'P0224-25A0000375' and status = 'StockHidden';
U0428-25A0000025,th223,th428,UPDATE th223.inward_invoice SET status = 'CANCELLED' WHERE id = 69322 and invoice_no = 'U0428-25A0000025' and status = 'StockHidden';
P0411-25A0000082,th402,th411,UPDATE th402.inward_invoice SET status = 'CANCELLED' WHERE id = 224578 and invoice_no = 'P0411-25A0000082' and status = 'StockHidden';
DR0224-25A000738,th406,th224,UPDATE th406.inward_invoice SET status = 'CANCELLED' WHERE id = 35865 and invoice_no = 'DR0224-25A000738' and status = 'StockHidden';
DR0224-25A000053,th223,th224,UPDATE th223.inward_invoice SET status = 'CANCELLED' WHERE id = 69514 and invoice_no = 'DR0224-25A000053' and status = 'StockHidden';
DR0406-25A000221,th427,th406,UPDATE th427.inward_invoice SET status = 'CANCELLED' WHERE id = 182267 and invoice_no = 'DR0406-25A000221' and status = 'StockHidden';
U0428-25A0000020,th223,th428,UPDATE th223.inward_invoice SET status = 'CANCELLED' WHERE id = 69305 and invoice_no = 'U0428-25A0000020' and status = 'StockHidden';
PD0224-25A005065,th223,th224,UPDATE th223.inward_invoice SET status = 'CANCELLED' WHERE id = 69420 and invoice_no = 'PD0224-25A005065' and status = 'StockHidden';
PD0406-25A000550,th223,th406,UPDATE th223.inward_invoice SET status = 'CANCELLED' WHERE id = 68534 and invoice_no = 'PD0406-25A000550' and status = 'StockHidden';
PD0407-25A000609,th223,th407,UPDATE th223.inward_invoice SET status = 'CANCELLED' WHERE id = 69397 and invoice_no = 'PD0407-25A000609' and status = 'StockHidden';
PD0205-25A002877,th223,th205,UPDATE th223.inward_invoice SET status = 'CANCELLED' WHERE id = 68849 and invoice_no = 'PD0205-25A002877' and status = 'StockHidden';
PD0205-25A002874,th223,th205,UPDATE th223.inward_invoice SET status = 'CANCELLED' WHERE id = 68846 and invoice_no = 'PD0205-25A002874' and status = 'StockHidden';
DR0413-25A001184,th429,th413,UPDATE th429.inward_invoice SET status = 'CANCELLED' WHERE id = 138815 and invoice_no = 'DR0413-25A001184' and status = 'StockHidden';
PD0224-25A004360,th223,th224,UPDATE th223.inward_invoice SET status = 'CANCELLED' WHERE id = 68694 and invoice_no = 'PD0224-25A004360' and status = 'StockHidden';
PD0417-25A000145,th214,th417,UPDATE th214.inward_invoice SET status = 'CANCELLED' WHERE id = 1024575 and invoice_no = 'PD0417-25A000145' and status = 'StockHidden';
DR0406-25A000021,th411,th406,UPDATE th411.inward_invoice SET status = 'CANCELLED' WHERE id = 184376 and invoice_no = 'DR0406-25A000021' and status = 'StockHidden';
U0224-25A0000056,th223,th224,UPDATE th223.inward_invoice SET status = 'CANCELLED' WHERE id = 69413 and invoice_no = 'U0224-25A0000056' and status = 'StockHidden';
PD0407-25A000578,th223,th407,UPDATE th223.inward_invoice SET status = 'CANCELLED' WHERE id = 69250 and invoice_no = 'PD0407-25A000578' and status = 'StockHidden';
P0409-25A0000017,th411,th409,UPDATE th411.inward_invoice SET status = 'CANCELLED' WHERE id = 199931 and invoice_no = 'P0409-25A0000017' and status = 'StockHidden';
DR0428-25A000015,th223,th428,UPDATE th223.inward_invoice SET status = 'CANCELLED' WHERE id = 69499 and invoice_no = 'DR0428-25A000015' and status = 'StockHidden';
U0224-25A0000024,th223,th224,UPDATE th223.inward_invoice SET status = 'CANCELLED' WHERE id = 70218 and invoice_no = 'U0224-25A0000024' and status = 'StockHidden';
P0224-25A0000373,th428,th224,UPDATE th428.inward_invoice SET status = 'CANCELLED' WHERE id = 48514 and invoice_no = 'P0224-25A0000373' and status = 'StockHidden';
P0224-25A0000202,th425,th224,UPDATE th425.inward_invoice SET status = 'CANCELLED' WHERE id = 104670 and invoice_no = 'P0224-25A0000202' and status = 'StockHidden';
DR0224-25A000064,th223,th224,UPDATE th223.inward_invoice SET status = 'CANCELLED' WHERE id = 69537 and invoice_no = 'DR0224-25A000064' and status = 'StockHidden';
U0301-25A0000016,th214,th301,UPDATE th214.inward_invoice SET status = 'CANCELLED' WHERE id = 1028831 and invoice_no = 'U0301-25A0000016' and status = 'StockHidden';
DR0405-25A000071,th427,th405,UPDATE th427.inward_invoice SET status = 'CANCELLED' WHERE id = 181800 and invoice_no = 'DR0405-25A000071' and status = 'StockHidden';
U0224-25A0000019,th223,th224,UPDATE th223.inward_invoice SET status = 'CANCELLED' WHERE id = 68970 and invoice_no = 'U0224-25A0000019' and status = 'StockHidden';
PD0429-25A000661,th401,th429,UPDATE th401.inward_invoice SET status = 'CANCELLED' WHERE id = 50245 and invoice_no = 'PD0429-25A000661' and status = 'StockHidden';
U0224-25A0000074,th223,th224,UPDATE th223.inward_invoice SET status = 'CANCELLED' WHERE id = 70234 and invoice_no = 'U0224-25A0000074' and status = 'StockHidden';
DR0224-25A000529,th401,th224,UPDATE th401.inward_invoice SET status = 'CANCELLED' WHERE id = 56993 and invoice_no = 'DR0224-25A000529' and status = 'StockHidden';
U0428-25A0000012,th223,th428,UPDATE th223.inward_invoice SET status = 'CANCELLED' WHERE id = 69279 and invoice_no = 'U0428-25A0000012' and status = 'StockHidden';
DR0224-25A000101,th223,th224,UPDATE th223.inward_invoice SET status = 'CANCELLED' WHERE id = 70407 and invoice_no = 'DR0224-25A000101' and status = 'StockHidden';
DR0224-25A000055,th223,th224,UPDATE th223.inward_invoice SET status = 'CANCELLED' WHERE id = 69519 and invoice_no = 'DR0224-25A000055' and status = 'StockHidden';
PD0406-25A000699,th223,th406,UPDATE th223.inward_invoice SET status = 'CANCELLED' WHERE id = 69077 and invoice_no = 'PD0406-25A000699' and status = 'StockHidden';
PD0224-25A004369,th223,th224,UPDATE th223.inward_invoice SET status = 'CANCELLED' WHERE id = 68695 and invoice_no = 'PD0224-25A004369' and status = 'StockHidden';
P0402-25A0000085,th411,th402,UPDATE th411.inward_invoice SET status = 'CANCELLED' WHERE id = 194971 and invoice_no = 'P0402-25A0000085' and status = 'StockHidden';
DR0428-25A000048,th223,th428,UPDATE th223.inward_invoice SET status = 'CANCELLED' WHERE id = 69608 and invoice_no = 'DR0428-25A000048' and status = 'StockHidden';
PD0424-25A000128,th430,th424,UPDATE th430.inward_invoice SET status = 'CANCELLED' WHERE id = 30862 and invoice_no = 'PD0424-25A000128' and status = 'StockHidden';
U0224-25A0000059,th223,th224,UPDATE th223.inward_invoice SET status = 'CANCELLED' WHERE id = 70227 and invoice_no = 'U0224-25A0000059' and status = 'StockHidden';
P0429-25A0000045,th435,th429,UPDATE th435.inward_invoice SET status = 'CANCELLED' WHERE id = 62843 and invoice_no = 'P0429-25A0000045' and status = 'StockHidden';
DR0413-25A000891,th214,th413,UPDATE th214.inward_invoice SET status = 'CANCELLED' WHERE id = 1035686 and invoice_no = 'DR0413-25A000891' and status = 'StockHidden';
DR0224-25A000107,th223,th224,UPDATE th223.inward_invoice SET status = 'CANCELLED' WHERE id = 70417 and invoice_no = 'DR0224-25A000107' and status = 'StockHidden';
U0428-25A0000078,th223,th428,UPDATE th223.inward_invoice SET status = 'CANCELLED' WHERE id = 69563 and invoice_no = 'U0428-25A0000078' and status = 'StockHidden';
U0224-25A0000027,th223,th224,UPDATE th223.inward_invoice SET status = 'CANCELLED' WHERE id = 69009 and invoice_no = 'U0224-25A0000027' and status = 'StockHidden';
PD0406-25A000645,th223,th406,UPDATE th223.inward_invoice SET status = 'CANCELLED' WHERE id = 68985 and invoice_no = 'PD0406-25A000645' and status = 'StockHidden';
U0428-25A0000028,th223,th428,UPDATE th223.inward_invoice SET status = 'CANCELLED' WHERE id = 69326 and invoice_no = 'U0428-25A0000028' and status = 'StockHidden';
DR0413-25A000967,th214,th413,UPDATE th214.inward_invoice SET status = 'CANCELLED' WHERE id = 1041351 and invoice_no = 'DR0413-25A000967' and status = 'StockHidden';
PD0407-25A000576,th223,th407,UPDATE th223.inward_invoice SET status = 'CANCELLED' WHERE id = 69248 and invoice_no = 'PD0407-25A000576' and status = 'StockHidden';
PD0407-25A000580,th223,th407,UPDATE th223.inward_invoice SET status = 'CANCELLED' WHERE id = 69254 and invoice_no = 'PD0407-25A000580' and status = 'StockHidden';
PD0408-25A000837,th223,th408,UPDATE th223.inward_invoice SET status = 'CANCELLED' WHERE id = 68399 and invoice_no = 'PD0408-25A000837' and status = 'StockHidden';
U0224-25A0000009,th223,th224,UPDATE th223.inward_invoice SET status = 'CANCELLED' WHERE id = 68917 and invoice_no = 'U0224-25A0000009' and status = 'StockHidden';
PD0205-25A002357,th401,th205,UPDATE th401.inward_invoice SET status = 'CANCELLED' WHERE id = 52108 and invoice_no = 'PD0205-25A002357' and status = 'StockHidden';
PD0406-25A000521,th223,th406,UPDATE th223.inward_invoice SET status = 'CANCELLED' WHERE id = 68494 and invoice_no = 'PD0406-25A000521' and status = 'StockHidden';
U0428-25A0000014,th223,th428,UPDATE th223.inward_invoice SET status = 'CANCELLED' WHERE id = 69288 and invoice_no = 'U0428-25A0000014' and status = 'StockHidden';
DR0224-25A000100,th223,th224,UPDATE th223.inward_invoice SET status = 'CANCELLED' WHERE id = 70404 and invoice_no = 'DR0224-25A000100' and status = 'StockHidden';
DR0406-25A000156,th205,th406,UPDATE th205.inward_invoice SET status = 'CANCELLED' WHERE id = 551554 and invoice_no = 'DR0406-25A000156' and status = 'StockHidden';
U0428-25A0000034,th223,th428,UPDATE th223.inward_invoice SET status = 'CANCELLED' WHERE id = 69338 and invoice_no = 'U0428-25A0000034' and status = 'StockHidden';
DR0425-25A000021,th223,th425,UPDATE th223.inward_invoice SET status = 'CANCELLED' WHERE id = 70456 and invoice_no = 'DR0425-25A000021' and status = 'StockHidden';
PD0224-25A004685,th223,th224,UPDATE th223.inward_invoice SET status = 'CANCELLED' WHERE id = 69081 and invoice_no = 'PD0224-25A004685' and status = 'StockHidden';
DR0224-25A000654,th418,th224,UPDATE th418.inward_invoice SET status = 'CANCELLED' WHERE id = 29050 and invoice_no = 'DR0224-25A000654' and status = 'StockHidden';
U0224-25A0000033,th223,th224,UPDATE th223.inward_invoice SET status = 'CANCELLED' WHERE id = 70221 and invoice_no = 'U0224-25A0000033' and status = 'StockHidden';
U0224-25A0000060,th223,th224,UPDATE th223.inward_invoice SET status = 'CANCELLED' WHERE id = 70228 and invoice_no = 'U0224-25A0000060' and status = 'StockHidden';
P0425-25A0000076,th427,th425,UPDATE th427.inward_invoice SET status = 'CANCELLED' WHERE id = 181495 and invoice_no = 'P0425-25A0000076' and status = 'StockHidden';
PD0407-25A000583,th223,th407,UPDATE th223.inward_invoice SET status = 'CANCELLED' WHERE id = 69256 and invoice_no = 'PD0407-25A000583' and status = 'StockHidden';
U0428-25A0000070,th223,th428,UPDATE th223.inward_invoice SET status = 'CANCELLED' WHERE id = 69938 and invoice_no = 'U0428-25A0000070' and status = 'StockHidden';
P0213-25A0000036,th429,th213,UPDATE th429.inward_invoice SET status = 'CANCELLED' WHERE id = 140302 and invoice_no = 'P0213-25A0000036' and status = 'StockHidden';
U0428-25A0000006,th223,th428,UPDATE th223.inward_invoice SET status = 'CANCELLED' WHERE id = 69242 and invoice_no = 'U0428-25A0000006' and status = 'StockHidden';
PD0406-25A000559,th223,th406,UPDATE th223.inward_invoice SET status = 'CANCELLED' WHERE id = 68539 and invoice_no = 'PD0406-25A000559' and status = 'StockHidden';
DR0224-25A000134,th223,th224,UPDATE th223.inward_invoice SET status = 'CANCELLED' WHERE id = 70499 and invoice_no = 'DR0224-25A000134' and status = 'StockHidden';
PD0224-25A004550,th223,th224,UPDATE th223.inward_invoice SET status = 'CANCELLED' WHERE id = 69004 and invoice_no = 'PD0224-25A004550' and status = 'StockHidden';
DR0421-25A000024,th435,th421,UPDATE th435.inward_invoice SET status = 'CANCELLED' WHERE id = 64327 and invoice_no = 'DR0421-25A000024' and status = 'StockHidden';
PD0407-25A000575,th223,th407,UPDATE th223.inward_invoice SET status = 'CANCELLED' WHERE id = 69247 and invoice_no = 'PD0407-25A000575' and status = 'StockHidden';
PD0406-25A000502,th223,th406,UPDATE th223.inward_invoice SET status = 'CANCELLED' WHERE id = 68468 and invoice_no = 'PD0406-25A000502' and status = 'StockHidden';
DR0425-25A000018,th223,th425,UPDATE th223.inward_invoice SET status = 'CANCELLED' WHERE id = 70453 and invoice_no = 'DR0425-25A000018' and status = 'StockHidden';
U0428-25A0000053,th223,th428,UPDATE th223.inward_invoice SET status = 'CANCELLED' WHERE id = 69406 and invoice_no = 'U0428-25A0000053' and status = 'StockHidden';
DR0428-25A000056,th223,th428,UPDATE th223.inward_invoice SET status = 'CANCELLED' WHERE id = 69639 and invoice_no = 'DR0428-25A000056' and status = 'StockHidden';
PD0425-25A002126,th401,th425,UPDATE th401.inward_invoice SET status = 'CANCELLED' WHERE id = 50420 and invoice_no = 'PD0425-25A002126' and status = 'StockHidden';
DR0214-25A002942,th435,th214,UPDATE th435.inward_invoice SET status = 'CANCELLED' WHERE id = 63385 and invoice_no = 'DR0214-25A002942' and status = 'StockHidden';
DR0428-25A000046,th223,th428,UPDATE th223.inward_invoice SET status = 'CANCELLED' WHERE id = 69602 and invoice_no = 'DR0428-25A000046' and status = 'StockHidden';
P0428-25A0000580,th427,th428,UPDATE th427.inward_invoice SET status = 'CANCELLED' WHERE id = 182057 and invoice_no = 'P0428-25A0000580' and status = 'StockHidden';
U0428-25A0000036,th223,th428,UPDATE th223.inward_invoice SET status = 'CANCELLED' WHERE id = 69340 and invoice_no = 'U0428-25A0000036' and status = 'StockHidden';
PD0224-25A003939,th223,th224,UPDATE th223.inward_invoice SET status = 'CANCELLED' WHERE id = 68370 and invoice_no = 'PD0224-25A003939' and status = 'StockHidden';
PD0224-25A004381,th223,th224,UPDATE th223.inward_invoice SET status = 'CANCELLED' WHERE id = 68703 and invoice_no = 'PD0224-25A004381' and status = 'StockHidden';
P0224-25A0000372,th428,th224,UPDATE th428.inward_invoice SET status = 'CANCELLED' WHERE id = 48515 and invoice_no = 'P0224-25A0000372' and status = 'StockHidden';
DR0224-25A000139,th223,th224,UPDATE th223.inward_invoice SET status = 'CANCELLED' WHERE id = 70506 and invoice_no = 'DR0224-25A000139' and status = 'StockHidden';
PD0224-25A004799,th223,th224,UPDATE th223.inward_invoice SET status = 'CANCELLED' WHERE id = 69158 and invoice_no = 'PD0224-25A004799' and status = 'StockHidden';
PD0224-25A004232,th223,th224,UPDATE th223.inward_invoice SET status = 'CANCELLED' WHERE id = 68566 and invoice_no = 'PD0224-25A004232' and status = 'StockHidden';
PD0425-25A001958,th401,th425,UPDATE th401.inward_invoice SET status = 'CANCELLED' WHERE id = 52156 and invoice_no = 'PD0425-25A001958' and status = 'StockHidden';
DR0425-25A000036,th223,th425,UPDATE th223.inward_invoice SET status = 'CANCELLED' WHERE id = 70527 and invoice_no = 'DR0425-25A000036' and status = 'StockHidden';
U0224-25A0000012,th223,th224,UPDATE th223.inward_invoice SET status = 'CANCELLED' WHERE id = 70212 and invoice_no = 'U0224-25A0000012' and status = 'StockHidden';
DR0205-25A000011,th223,th205,UPDATE th223.inward_invoice SET status = 'CANCELLED' WHERE id = 69442 and invoice_no = 'DR0205-25A000011' and status = 'StockHidden';
PD0407-25A000587,th223,th407,UPDATE th223.inward_invoice SET status = 'CANCELLED' WHERE id = 69260 and invoice_no = 'PD0407-25A000587' and status = 'StockHidden';
DR0428-25A000006,th223,th428,UPDATE th223.inward_invoice SET status = 'CANCELLED' WHERE id = 69464 and invoice_no = 'DR0428-25A000006' and status = 'StockHidden';
U0224-25A0000032,th223,th224,UPDATE th223.inward_invoice SET status = 'CANCELLED' WHERE id = 69039 and invoice_no = 'U0224-25A0000032' and status = 'StockHidden';
DR0224-25A000040,th223,th224,UPDATE th223.inward_invoice SET status = 'CANCELLED' WHERE id = 69505 and invoice_no = 'DR0224-25A000040' and status = 'StockHidden';
DR0428-25A000020,th223,th428,UPDATE th223.inward_invoice SET status = 'CANCELLED' WHERE id = 69569 and invoice_no = 'DR0428-25A000020' and status = 'StockHidden';
PD0408-25A000828,th223,th408,UPDATE th223.inward_invoice SET status = 'CANCELLED' WHERE id = 68396 and invoice_no = 'PD0408-25A000828' and status = 'StockHidden';
PD0224-25A003979,th223,th224,UPDATE th223.inward_invoice SET status = 'CANCELLED' WHERE id = 70206 and invoice_no = 'PD0224-25A003979' and status = 'StockHidden';
DR0213-25A000020,th435,th213,UPDATE th435.inward_invoice SET status = 'CANCELLED' WHERE id = 63696 and invoice_no = 'DR0213-25A000020' and status = 'StockHidden';
DR0428-25A000054,th223,th428,UPDATE th223.inward_invoice SET status = 'CANCELLED' WHERE id = 69635 and invoice_no = 'DR0428-25A000054' and status = 'StockHidden';
P0411-25A0000051,th402,th411,UPDATE th402.inward_invoice SET status = 'CANCELLED' WHERE id = 221982 and invoice_no = 'P0411-25A0000051' and status = 'StockHidden';
DR0224-25A000051,th223,th224,UPDATE th223.inward_invoice SET status = 'CANCELLED' WHERE id = 69513 and invoice_no = 'DR0224-25A000051' and status = 'StockHidden';
P0428-25A0000545,th224,th428,UPDATE th224.inward_invoice SET status = 'CANCELLED' WHERE id = 924211 and invoice_no = 'P0428-25A0000545' and status = 'StockHidden';
PD0406-25A000539,th205,th406,UPDATE th205.inward_invoice SET status = 'CANCELLED' WHERE id = 538455 and invoice_no = 'PD0406-25A000539' and status = 'StockHidden';
U0428-25A0000007,th223,th428,UPDATE th223.inward_invoice SET status = 'CANCELLED' WHERE id = 69243 and invoice_no = 'U0428-25A0000007' and status = 'StockHidden';
U0224-25A0000087,th424,th224,UPDATE th424.inward_invoice SET status = 'CANCELLED' WHERE id = 20557 and invoice_no = 'U0224-25A0000087' and status = 'StockHidden';
U0428-25A0000064,th223,th428,UPDATE th223.inward_invoice SET status = 'CANCELLED' WHERE id = 69422 and invoice_no = 'U0428-25A0000064' and status = 'StockHidden';
P0224-25A0000084,th223,th224,UPDATE th223.inward_invoice SET status = 'CANCELLED' WHERE id = 69378 and invoice_no = 'P0224-25A0000084' and status = 'StockHidden';
P0413-25A0000120,th214,th413,UPDATE th214.inward_invoice SET status = 'CANCELLED' WHERE id = 1026451 and invoice_no = 'P0413-25A0000120' and status = 'StockHidden';
U0428-25A0000072,th223,th428,UPDATE th223.inward_invoice SET status = 'CANCELLED' WHERE id = 69555 and invoice_no = 'U0428-25A0000072' and status = 'StockHidden';
PD0406-25A000740,th223,th406,UPDATE th223.inward_invoice SET status = 'CANCELLED' WHERE id = 69109 and invoice_no = 'PD0406-25A000740' and status = 'StockHidden';
PD0205-25A002765,th223,th205,UPDATE th223.inward_invoice SET status = 'CANCELLED' WHERE id = 68639 and invoice_no = 'PD0205-25A002765' and status = 'StockHidden';
P0408-25A0000116,th411,th408,UPDATE th411.inward_invoice SET status = 'CANCELLED' WHERE id = 198937 and invoice_no = 'P0408-25A0000116' and status = 'StockHidden';
U0224-25A0000041,th223,th224,UPDATE th223.inward_invoice SET status = 'CANCELLED' WHERE id = 69165 and invoice_no = 'U0224-25A0000041' and status = 'StockHidden';
DR0224-25A000093,th223,th224,UPDATE th223.inward_invoice SET status = 'CANCELLED' WHERE id = 70396 and invoice_no = 'DR0224-25A000093' and status = 'StockHidden';
U0428-25A0000056,th223,th428,UPDATE th223.inward_invoice SET status = 'CANCELLED' WHERE id = 69408 and invoice_no = 'U0428-25A0000056' and status = 'StockHidden';
DR0425-25A000044,th223,th425,UPDATE th223.inward_invoice SET status = 'CANCELLED' WHERE id = 70582 and invoice_no = 'DR0425-25A000044' and status = 'StockHidden';
PD0224-25A004174,th223,th224,UPDATE th223.inward_invoice SET status = 'CANCELLED' WHERE id = 68492 and invoice_no = 'PD0224-25A004174' and status = 'StockHidden';
PD0214-25A005258,th223,th214,UPDATE th223.inward_invoice SET status = 'CANCELLED' WHERE id = 68410 and invoice_no = 'PD0214-25A005258' and status = 'StockHidden';
U0224-25A0000057,th223,th224,UPDATE th223.inward_invoice SET status = 'CANCELLED' WHERE id = 69417 and invoice_no = 'U0224-25A0000057' and status = 'StockHidden';
DR0424-25A000007,th401,th424,UPDATE th401.inward_invoice SET status = 'CANCELLED' WHERE id = 53024 and invoice_no = 'DR0424-25A000007' and status = 'StockHidden';
U0224-25A0000017,th223,th224,UPDATE th223.inward_invoice SET status = 'CANCELLED' WHERE id = 70213 and invoice_no = 'U0224-25A0000017' and status = 'StockHidden';
U0428-25A0000031,th223,th428,UPDATE th223.inward_invoice SET status = 'CANCELLED' WHERE id = 69331 and invoice_no = 'U0428-25A0000031' and status = 'StockHidden';
DR0205-25A000007,th223,th205,UPDATE th223.inward_invoice SET status = 'CANCELLED' WHERE id = 69438 and invoice_no = 'DR0205-25A000007' and status = 'StockHidden';
DR0408-25A000074,th411,th408,UPDATE th411.inward_invoice SET status = 'CANCELLED' WHERE id = 195232 and invoice_no = 'DR0408-25A000074' and status = 'StockHidden';
DR0428-25A000045,th223,th428,UPDATE th223.inward_invoice SET status = 'CANCELLED' WHERE id = 69601 and invoice_no = 'DR0428-25A000045' and status = 'StockHidden';
P0428-25A0000528,th427,th428,UPDATE th427.inward_invoice SET status = 'CANCELLED' WHERE id = 174750 and invoice_no = 'P0428-25A0000528' and status = 'StockHidden';
PD0205-25A002883,th223,th205,UPDATE th223.inward_invoice SET status = 'CANCELLED' WHERE id = 68856 and invoice_no = 'PD0205-25A002883' and status = 'StockHidden';
DR0417-25A000095,th436,th417,UPDATE th436.inward_invoice SET status = 'CANCELLED' WHERE id = 3508 and invoice_no = 'DR0417-25A000095' and status = 'StockHidden';
DR0413-25A000952,th214,th413,UPDATE th214.inward_invoice SET status = 'CANCELLED' WHERE id = 1041157 and invoice_no = 'DR0413-25A000952' and status = 'StockHidden';
DR0428-25A000007,th223,th428,UPDATE th223.inward_invoice SET status = 'CANCELLED' WHERE id = 69465 and invoice_no = 'DR0428-25A000007' and status = 'StockHidden';
DR0214-25A001738,th435,th214,UPDATE th435.inward_invoice SET status = 'CANCELLED' WHERE id = 61681 and invoice_no = 'DR0214-25A001738' and status = 'StockHidden';
DR0425-25A000037,th223,th425,UPDATE th223.inward_invoice SET status = 'CANCELLED' WHERE id = 70570 and invoice_no = 'DR0425-25A000037' and status = 'StockHidden';
DR0214-25A002939,th435,th214,UPDATE th435.inward_invoice SET status = 'CANCELLED' WHERE id = 63383 and invoice_no = 'DR0214-25A002939' and status = 'StockHidden';
PD0425-25A001987,th223,th425,UPDATE th223.inward_invoice SET status = 'CANCELLED' WHERE id = 70173 and invoice_no = 'PD0425-25A001987' and status = 'StockHidden';
U0224-25A0000034,th223,th224,UPDATE th223.inward_invoice SET status = 'CANCELLED' WHERE id = 69040 and invoice_no = 'U0224-25A0000034' and status = 'StockHidden';
PD0405-25A000336,th223,th405,UPDATE th223.inward_invoice SET status = 'CANCELLED' WHERE id = 68576 and invoice_no = 'PD0405-25A000336' and status = 'StockHidden';
DR0224-25A000082,th223,th224,UPDATE th223.inward_invoice SET status = 'CANCELLED' WHERE id = 113839 and invoice_no = 'DR0224-25A000082' and status = 'StockHidden';
PD0224-25A006813,th427,th224,UPDATE th427.inward_invoice SET status = 'CANCELLED' WHERE id = 182584 and invoice_no = 'PD0224-25A006813' and status = 'StockHidden';
PD0224-25A004378,th223,th224,UPDATE th223.inward_invoice SET status = 'CANCELLED' WHERE id = 68699 and invoice_no = 'PD0224-25A004378' and status = 'StockHidden';
U0428-25A0000002,th223,th428,UPDATE th223.inward_invoice SET status = 'CANCELLED' WHERE id = 69222 and invoice_no = 'U0428-25A0000002' and status = 'StockHidden';
DR0406-25A000009,th223,th406,UPDATE th223.inward_invoice SET status = 'CANCELLED' WHERE id = 69612 and invoice_no = 'DR0406-25A000009' and status = 'StockHidden';
P0437-25A0000001,th427,th437,UPDATE th427.inward_invoice SET status = 'CANCELLED' WHERE id = 182807 and invoice_no = 'P0437-25A0000001' and status = 'StockHidden';
U0301-25A0000013,th214,th301,UPDATE th214.inward_invoice SET status = 'CANCELLED' WHERE id = 1028823 and invoice_no = 'U0301-25A0000013' and status = 'StockHidden';
U0224-25A0000023,th223,th224,UPDATE th223.inward_invoice SET status = 'CANCELLED' WHERE id = 70217 and invoice_no = 'U0224-25A0000023' and status = 'StockHidden';
PD0406-25A000636,th205,th406,UPDATE th205.inward_invoice SET status = 'CANCELLED' WHERE id = 538457 and invoice_no = 'PD0406-25A000636' and status = 'StockHidden';
PD0406-25A000610,th223,th406,UPDATE th223.inward_invoice SET status = 'CANCELLED' WHERE id = 68834 and invoice_no = 'PD0406-25A000610' and status = 'StockHidden';
DR0224-25A000104,th223,th224,UPDATE th223.inward_invoice SET status = 'CANCELLED' WHERE id = 70412 and invoice_no = 'DR0224-25A000104' and status = 'StockHidden';
PD0405-25A000388,th223,th405,UPDATE th223.inward_invoice SET status = 'CANCELLED' WHERE id = 70247 and invoice_no = 'PD0405-25A000388' and status = 'StockHidden';
U0301-25A0000002,th214,th301,UPDATE th214.inward_invoice SET status = 'CANCELLED' WHERE id = 1027282 and invoice_no = 'U0301-25A0000002' and status = 'StockHidden';
PD0424-25A000133,th418,th424,UPDATE th418.inward_invoice SET status = 'CANCELLED' WHERE id = 24863 and invoice_no = 'PD0424-25A000133' and status = 'StockHidden';
PD0406-25A000554,th223,th406,UPDATE th223.inward_invoice SET status = 'CANCELLED' WHERE id = 68535 and invoice_no = 'PD0406-25A000554' and status = 'StockHidden';
DR0224-25A000029,th223,th224,UPDATE th223.inward_invoice SET status = 'CANCELLED' WHERE id = 69500 and invoice_no = 'DR0224-25A000029' and status = 'StockHidden';
DR0428-25A000042,th223,th428,UPDATE th223.inward_invoice SET status = 'CANCELLED' WHERE id = 69600 and invoice_no = 'DR0428-25A000042' and status = 'StockHidden';
U0224-25A0000014,th223,th224,UPDATE th223.inward_invoice SET status = 'CANCELLED' WHERE id = 68952 and invoice_no = 'U0224-25A0000014' and status = 'StockHidden';
DR0428-25A000018,th223,th428,UPDATE th223.inward_invoice SET status = 'CANCELLED' WHERE id = 69550 and invoice_no = 'DR0428-25A000018' and status = 'StockHidden';
DR0413-25A000901,th430,th413,UPDATE th430.inward_invoice SET status = 'CANCELLED' WHERE id = 31336 and invoice_no = 'DR0413-25A000901' and status = 'StockHidden';
PD0224-25A004204,th223,th224,UPDATE th223.inward_invoice SET status = 'CANCELLED' WHERE id = 68525 and invoice_no = 'PD0224-25A004204' and status = 'StockHidden';
U0428-25A0000022,th223,th428,UPDATE th223.inward_invoice SET status = 'CANCELLED' WHERE id = 69314 and invoice_no = 'U0428-25A0000022' and status = 'StockHidden';
DR0205-25A000016,th223,th205,UPDATE th223.inward_invoice SET status = 'CANCELLED' WHERE id = 69446 and invoice_no = 'DR0205-25A000016' and status = 'StockHidden';
PD0406-25A000684,th223,th406,UPDATE th223.inward_invoice SET status = 'CANCELLED' WHERE id = 69074 and invoice_no = 'PD0406-25A000684' and status = 'StockHidden';
PD0406-25A000678,th223,th406,UPDATE th223.inward_invoice SET status = 'CANCELLED' WHERE id = 69057 and invoice_no = 'PD0406-25A000678' and status = 'StockHidden';
DR0428-25A000022,th223,th428,UPDATE th223.inward_invoice SET status = 'CANCELLED' WHERE id = 69572 and invoice_no = 'DR0428-25A000022' and status = 'StockHidden';
PD0428-25A001376,th223,th428,UPDATE th223.inward_invoice SET status = 'CANCELLED' WHERE id = 69937 and invoice_no = 'PD0428-25A001376' and status = 'StockHidden';
U0224-25A0000068,th223,th224,UPDATE th223.inward_invoice SET status = 'CANCELLED' WHERE id = 69496 and invoice_no = 'U0224-25A0000068' and status = 'StockHidden';
DR0428-25A000050,th223,th428,UPDATE th223.inward_invoice SET status = 'CANCELLED' WHERE id = 69631 and invoice_no = 'DR0428-25A000050' and status = 'StockHidden';
PD0405-25A000337,th223,th405,UPDATE th223.inward_invoice SET status = 'CANCELLED' WHERE id = 68577 and invoice_no = 'PD0405-25A000337' and status = 'StockHidden';
U0224-25A0000054,th223,th224,UPDATE th223.inward_invoice SET status = 'CANCELLED' WHERE id = 69379 and invoice_no = 'U0224-25A0000054' and status = 'StockHidden';
U0301-25A0000005,th214,th301,UPDATE th214.inward_invoice SET status = 'CANCELLED' WHERE id = 1027287 and invoice_no = 'U0301-25A0000005' and status = 'StockHidden';
U0428-25A0000076,th223,th428,UPDATE th223.inward_invoice SET status = 'CANCELLED' WHERE id = 69559 and invoice_no = 'U0428-25A0000076' and status = 'StockHidden';
U0428-25A0000069,th223,th428,UPDATE th223.inward_invoice SET status = 'CANCELLED' WHERE id = 69463 and invoice_no = 'U0428-25A0000069' and status = 'StockHidden';
DR0406-25A000020,th214,th406,UPDATE th214.inward_invoice SET status = 'CANCELLED' WHERE id = 1038534 and invoice_no = 'DR0406-25A000020' and status = 'StockHidden';
DR0428-25A000039,th223,th428,UPDATE th223.inward_invoice SET status = 'CANCELLED' WHERE id = 69597 and invoice_no = 'DR0428-25A000039' and status = 'StockHidden';
PD0406-25A000739,th223,th406,UPDATE th223.inward_invoice SET status = 'CANCELLED' WHERE id = 69108 and invoice_no = 'PD0406-25A000739' and status = 'StockHidden';
PD0406-25A000489,th223,th406,UPDATE th223.inward_invoice SET status = 'CANCELLED' WHERE id = 68455 and invoice_no = 'PD0406-25A000489' and status = 'StockHidden';
U0428-25A0000065,th223,th428,UPDATE th223.inward_invoice SET status = 'CANCELLED' WHERE id = 69423 and invoice_no = 'U0428-25A0000065' and status = 'StockHidden';
PD0405-25A000350,th223,th405,UPDATE th223.inward_invoice SET status = 'CANCELLED' WHERE id = 68587 and invoice_no = 'PD0405-25A000350' and status = 'StockHidden';
PD0405-25A000340,th223,th405,UPDATE th223.inward_invoice SET status = 'CANCELLED' WHERE id = 70246 and invoice_no = 'PD0405-25A000340' and status = 'StockHidden';
PD0224-25A004006,th223,th224,UPDATE th223.inward_invoice SET status = 'CANCELLED' WHERE id = 68417 and invoice_no = 'PD0224-25A004006' and status = 'StockHidden';
PD0405-25A000389,th223,th405,UPDATE th223.inward_invoice SET status = 'CANCELLED' WHERE id = 68648 and invoice_no = 'PD0405-25A000389' and status = 'StockHidden';
PD0205-25A003109,th223,th205,UPDATE th223.inward_invoice SET status = 'CANCELLED' WHERE id = 69175 and invoice_no = 'PD0205-25A003109' and status = 'StockHidden';
PD0406-25A000649,th223,th406,UPDATE th223.inward_invoice SET status = 'CANCELLED' WHERE id = 68986 and invoice_no = 'PD0406-25A000649' and status = 'StockHidden';
PD0429-25A000766,th430,th429,UPDATE th430.inward_invoice SET status = 'CANCELLED' WHERE id = 30413 and invoice_no = 'PD0429-25A000766' and status = 'StockHidden';
PD0406-25A000525,th401,th406,UPDATE th401.inward_invoice SET status = 'CANCELLED' WHERE id = 50205 and invoice_no = 'PD0406-25A000525' and status = 'StockHidden';
PD0405-25A000400,th223,th405,UPDATE th223.inward_invoice SET status = 'CANCELLED' WHERE id = 68653 and invoice_no = 'PD0405-25A000400' and status = 'StockHidden';
DR0425-25A000155,th427,th425,UPDATE th427.inward_invoice SET status = 'CANCELLED' WHERE id = 182183 and invoice_no = 'DR0425-25A000155' and status = 'StockHidden';
DR0224-25A000056,th223,th224,UPDATE th223.inward_invoice SET status = 'CANCELLED' WHERE id = 69521 and invoice_no = 'DR0224-25A000056' and status = 'StockHidden';
PD0406-25A000741,th223,th406,UPDATE th223.inward_invoice SET status = 'CANCELLED' WHERE id = 69110 and invoice_no = 'PD0406-25A000741' and status = 'StockHidden';
DR0224-25A000137,th223,th224,UPDATE th223.inward_invoice SET status = 'CANCELLED' WHERE id = 70502 and invoice_no = 'DR0224-25A000137' and status = 'StockHidden';
PD0406-25A000677,th223,th406,UPDATE th223.inward_invoice SET status = 'CANCELLED' WHERE id = 69056 and invoice_no = 'PD0406-25A000677' and status = 'StockHidden';
PD0205-25A002767,th223,th205,UPDATE th223.inward_invoice SET status = 'CANCELLED' WHERE id = 68641 and invoice_no = 'PD0205-25A002767' and status = 'StockHidden';
PD0406-25A000800,th205,th406,UPDATE th205.inward_invoice SET status = 'CANCELLED' WHERE id = 535339 and invoice_no = 'PD0406-25A000800' and status = 'StockHidden';
P0223-25A0000007,th427,th223,UPDATE th427.inward_invoice SET status = 'CANCELLED' WHERE id = 182804 and invoice_no = 'P0223-25A0000007' and status = 'StockHidden';
U0301-25A0000010,th214,th301,UPDATE th214.inward_invoice SET status = 'CANCELLED' WHERE id = 1027337 and invoice_no = 'U0301-25A0000010' and status = 'StockHidden';
DR0224-25A000496,th427,th224,UPDATE th427.inward_invoice SET status = 'CANCELLED' WHERE id = 180563 and invoice_no = 'DR0224-25A000496' and status = 'StockHidden';
DR0406-25A000019,th214,th406,UPDATE th214.inward_invoice SET status = 'CANCELLED' WHERE id = 1038533 and invoice_no = 'DR0406-25A000019' and status = 'StockHidden';
PD0407-25A000586,th223,th407,UPDATE th223.inward_invoice SET status = 'CANCELLED' WHERE id = 69259 and invoice_no = 'PD0407-25A000586' and status = 'StockHidden';
DR0407-25A000029,th224,th407,UPDATE th224.inward_invoice SET status = 'CANCELLED' WHERE id = 933693 and invoice_no = 'DR0407-25A000029' and status = 'StockHidden';
PD0407-25A000585,th223,th407,UPDATE th223.inward_invoice SET status = 'CANCELLED' WHERE id = 69258 and invoice_no = 'PD0407-25A000585' and status = 'StockHidden';
DR0428-25A000069,th223,th428,UPDATE th223.inward_invoice SET status = 'CANCELLED' WHERE id = 70294 and invoice_no = 'DR0428-25A000069' and status = 'StockHidden';
PD0224-25A004795,th223,th224,UPDATE th223.inward_invoice SET status = 'CANCELLED' WHERE id = 69140 and invoice_no = 'PD0224-25A004795' and status = 'StockHidden';
PD0425-25A002051,th223,th425,UPDATE th223.inward_invoice SET status = 'CANCELLED' WHERE id = 70178 and invoice_no = 'PD0425-25A002051' and status = 'StockHidden';
U0224-25A0000013,th223,th224,UPDATE th223.inward_invoice SET status = 'CANCELLED' WHERE id = 68946 and invoice_no = 'U0224-25A0000013' and status = 'StockHidden';
DR0428-25A000058,th223,th428,UPDATE th223.inward_invoice SET status = 'CANCELLED' WHERE id = 69643 and invoice_no = 'DR0428-25A000058' and status = 'StockHidden';
PD0224-25A003952,th223,th224,UPDATE th223.inward_invoice SET status = 'CANCELLED' WHERE id = 68386 and invoice_no = 'PD0224-25A003952' and status = 'StockHidden';
PD0205-25A002884,th223,th205,UPDATE th223.inward_invoice SET status = 'CANCELLED' WHERE id = 68857 and invoice_no = 'PD0205-25A002884' and status = 'StockHidden';
DR0429-25A001154,th435,th429,UPDATE th435.inward_invoice SET status = 'CANCELLED' WHERE id = 64144 and invoice_no = 'DR0429-25A001154' and status = 'StockHidden';
DR0301-25A000011,th214,th301,UPDATE th214.inward_invoice SET status = 'CANCELLED' WHERE id = 1042024 and invoice_no = 'DR0301-25A000011' and status = 'StockHidden';
P0223-25A0000002,th427,th223,UPDATE th427.inward_invoice SET status = 'CANCELLED' WHERE id = 180428 and invoice_no = 'P0223-25A0000002' and status = 'StockHidden';
U0301-25A0000014,th214,th301,UPDATE th214.inward_invoice SET status = 'CANCELLED' WHERE id = 1028824 and invoice_no = 'U0301-25A0000014' and status = 'StockHidden';
PD0205-25A002714,th214,th205,UPDATE th214.inward_invoice SET status = 'CANCELLED' WHERE id = 1039026 and invoice_no = 'PD0205-25A002714' and status = 'StockHidden';
DR0224-25A000114,th223,th224,UPDATE th223.inward_invoice SET status = 'CANCELLED' WHERE id = 70448 and invoice_no = 'DR0224-25A000114' and status = 'StockHidden';
DR0428-25A000041,th223,th428,UPDATE th223.inward_invoice SET status = 'CANCELLED' WHERE id = 69599 and invoice_no = 'DR0428-25A000041' and status = 'StockHidden';
PD0224-25A004805,th223,th224,UPDATE th223.inward_invoice SET status = 'CANCELLED' WHERE id = 69172 and invoice_no = 'PD0224-25A004805' and status = 'StockHidden';
DR0205-25A000006,th223,th205,UPDATE th223.inward_invoice SET status = 'CANCELLED' WHERE id = 69437 and invoice_no = 'DR0205-25A000006' and status = 'StockHidden';
P0213-25A0000008,th429,th213,UPDATE th429.inward_invoice SET status = 'CANCELLED' WHERE id = 140274 and invoice_no = 'P0213-25A0000008' and status = 'StockHidden';
P0224-25A0000096,th223,th224,UPDATE th223.inward_invoice SET status = 'CANCELLED' WHERE id = 69515 and invoice_no = 'P0224-25A0000096' and status = 'StockHidden';
DR0214-25A002941,th435,th214,UPDATE th435.inward_invoice SET status = 'CANCELLED' WHERE id = 63384 and invoice_no = 'DR0214-25A002941' and status = 'StockHidden';
DR0428-25A000034,th223,th428,UPDATE th223.inward_invoice SET status = 'CANCELLED' WHERE id = 69596 and invoice_no = 'DR0428-25A000034' and status = 'StockHidden';
U0301-25A0000006,th214,th301,UPDATE th214.inward_invoice SET status = 'CANCELLED' WHERE id = 1027289 and invoice_no = 'U0301-25A0000006' and status = 'StockHidden';
DR0205-25A000002,th223,th205,UPDATE th223.inward_invoice SET status = 'CANCELLED' WHERE id = 69433 and invoice_no = 'DR0205-25A000002' and status = 'StockHidden';
P0410-25A0000104,th411,th410,UPDATE th411.inward_invoice SET status = 'CANCELLED' WHERE id = 199909 and invoice_no = 'P0410-25A0000104' and status = 'StockHidden';
DR0428-25A000066,th223,th428,UPDATE th223.inward_invoice SET status = 'CANCELLED' WHERE id = 70289 and invoice_no = 'DR0428-25A000066' and status = 'StockHidden';
U0224-25A0000016,th223,th224,UPDATE th223.inward_invoice SET status = 'CANCELLED' WHERE id = 68961 and invoice_no = 'U0224-25A0000016' and status = 'StockHidden';
PD0406-25A000676,th223,th406,UPDATE th223.inward_invoice SET status = 'CANCELLED' WHERE id = 69054 and invoice_no = 'PD0406-25A000676' and status = 'StockHidden';
PD0405-25A000393,th223,th405,UPDATE th223.inward_invoice SET status = 'CANCELLED' WHERE id = 68651 and invoice_no = 'PD0405-25A000393' and status = 'StockHidden';
PD0406-25A000503,th223,th406,UPDATE th223.inward_invoice SET status = 'CANCELLED' WHERE id = 68470 and invoice_no = 'PD0406-25A000503' and status = 'StockHidden';
DR0205-25A000012,th223,th205,UPDATE th223.inward_invoice SET status = 'CANCELLED' WHERE id = 69444 and invoice_no = 'DR0205-25A000012' and status = 'StockHidden';
DR0406-25A000010,th223,th406,UPDATE th223.inward_invoice SET status = 'CANCELLED' WHERE id = 69613 and invoice_no = 'DR0406-25A000010' and status = 'StockHidden';
U0224-25A0000079,th223,th224,UPDATE th223.inward_invoice SET status = 'CANCELLED' WHERE id = 69529 and invoice_no = 'U0224-25A0000079' and status = 'StockHidden';
PD0406-25A000806,th214,th406,UPDATE th214.inward_invoice SET status = 'CANCELLED' WHERE id = 1031251 and invoice_no = 'PD0406-25A000806' and status = 'StockHidden';
DR0224-25A000008,th223,th224,UPDATE th223.inward_invoice SET status = 'CANCELLED' WHERE id = 69481 and invoice_no = 'DR0224-25A000008' and status = 'StockHidden';
DR0224-25A000004,th223,th224,UPDATE th223.inward_invoice SET status = 'CANCELLED' WHERE id = 69429 and invoice_no = 'DR0224-25A000004' and status = 'StockHidden';
U0301-25A0000025,th214,th301,UPDATE th214.inward_invoice SET status = 'CANCELLED' WHERE id = 1031608 and invoice_no = 'U0301-25A0000025' and status = 'StockHidden';
PD0224-25A004165,th223,th224,UPDATE th223.inward_invoice SET status = 'CANCELLED' WHERE id = 68465 and invoice_no = 'PD0224-25A004165' and status = 'StockHidden';
PD0406-25A000598,th223,th406,UPDATE th223.inward_invoice SET status = 'CANCELLED' WHERE id = 68824 and invoice_no = 'PD0406-25A000598' and status = 'StockHidden';
PD0205-25A002505,th401,th205,UPDATE th401.inward_invoice SET status = 'CANCELLED' WHERE id = 50229 and invoice_no = 'PD0205-25A002505' and status = 'StockHidden';
PD0406-25A000634,th223,th406,UPDATE th223.inward_invoice SET status = 'CANCELLED' WHERE id = 68958 and invoice_no = 'PD0406-25A000634' and status = 'StockHidden';
PD0406-25A000651,th223,th406,UPDATE th223.inward_invoice SET status = 'CANCELLED' WHERE id = 68987 and invoice_no = 'PD0406-25A000651' and status = 'StockHidden';
DR0413-25A000885,th214,th413,UPDATE th214.inward_invoice SET status = 'CANCELLED' WHERE id = 1035249 and invoice_no = 'DR0413-25A000885' and status = 'StockHidden';
PD0406-25A000609,th223,th406,UPDATE th223.inward_invoice SET status = 'CANCELLED' WHERE id = 68833 and invoice_no = 'PD0406-25A000609' and status = 'StockHidden';
PD0406-25A000612,th223,th406,UPDATE th223.inward_invoice SET status = 'CANCELLED' WHERE id = 68954 and invoice_no = 'PD0406-25A000612' and status = 'StockHidden';
DR0428-25A000031,th223,th428,UPDATE th223.inward_invoice SET status = 'CANCELLED' WHERE id = 69591 and invoice_no = 'DR0428-25A000031' and status = 'StockHidden';
PD0406-25A000817,th223,th406,UPDATE th223.inward_invoice SET status = 'CANCELLED' WHERE id = 70054 and invoice_no = 'PD0406-25A000817' and status = 'StockHidden';
U0224-25A0000064,th223,th224,UPDATE th223.inward_invoice SET status = 'CANCELLED' WHERE id = 69490 and invoice_no = 'U0224-25A0000064' and status = 'StockHidden';
PD0406-25A000669,th205,th406,UPDATE th205.inward_invoice SET status = 'CANCELLED' WHERE id = 534136 and invoice_no = 'PD0406-25A000669' and status = 'StockHidden';
DR0428-25A000081,th223,th428,UPDATE th223.inward_invoice SET status = 'CANCELLED' WHERE id = 70307 and invoice_no = 'DR0428-25A000081' and status = 'StockHidden';
PD0405-25A000339,th223,th405,UPDATE th223.inward_invoice SET status = 'CANCELLED' WHERE id = 68579 and invoice_no = 'PD0405-25A000339' and status = 'StockHidden';
PD0405-25A000391,th223,th405,UPDATE th223.inward_invoice SET status = 'CANCELLED' WHERE id = 68650 and invoice_no = 'PD0405-25A000391' and status = 'StockHidden';
PD0224-25A003981,th223,th224,UPDATE th223.inward_invoice SET status = 'CANCELLED' WHERE id = 68405 and invoice_no = 'PD0224-25A003981' and status = 'StockHidden';
U0224-25A0000070,th223,th224,UPDATE th223.inward_invoice SET status = 'CANCELLED' WHERE id = 70231 and invoice_no = 'U0224-25A0000070' and status = 'StockHidden';
U0224-25A0000021,th223,th224,UPDATE th223.inward_invoice SET status = 'CANCELLED' WHERE id = 70215 and invoice_no = 'U0224-25A0000021' and status = 'StockHidden';
PD0224-25A004545,th223,th224,UPDATE th223.inward_invoice SET status = 'CANCELLED' WHERE id = 68997 and invoice_no = 'PD0224-25A004545' and status = 'StockHidden';
PD0408-25A000866,th430,th408,UPDATE th430.inward_invoice SET status = 'CANCELLED' WHERE id = 30188 and invoice_no = 'PD0408-25A000866' and status = 'StockHidden';
PD0224-25A004147,th223,th224,UPDATE th223.inward_invoice SET status = 'CANCELLED' WHERE id = 68458 and invoice_no = 'PD0224-25A004147' and status = 'StockHidden';
PD0224-25A003948,th223,th224,UPDATE th223.inward_invoice SET status = 'CANCELLED' WHERE id = 68379 and invoice_no = 'PD0224-25A003948' and status = 'StockHidden';
PD0406-25A000607,th223,th406,UPDATE th223.inward_invoice SET status = 'CANCELLED' WHERE id = 68831 and invoice_no = 'PD0406-25A000607' and status = 'StockHidden';
U0224-25A0000035,th223,th224,UPDATE th223.inward_invoice SET status = 'CANCELLED' WHERE id = 70222 and invoice_no = 'U0224-25A0000035' and status = 'StockHidden';
P0402-25A0000084,th411,th402,UPDATE th411.inward_invoice SET status = 'CANCELLED' WHERE id = 195092 and invoice_no = 'P0402-25A0000084' and status = 'StockHidden';
PD0205-25A002475,th223,th205,UPDATE th223.inward_invoice SET status = 'CANCELLED' WHERE id = 68498 and invoice_no = 'PD0205-25A002475' and status = 'StockHidden';
DR0224-25A000155,th223,th224,UPDATE th223.inward_invoice SET status = 'CANCELLED' WHERE id = 70597 and invoice_no = 'DR0224-25A000155' and status = 'StockHidden';
PD0224-25A004146,th223,th224,UPDATE th223.inward_invoice SET status = 'CANCELLED' WHERE id = 68456 and invoice_no = 'PD0224-25A004146' and status = 'StockHidden';
DR0421-25A000007,th435,th421,UPDATE th435.inward_invoice SET status = 'CANCELLED' WHERE id = 60149 and invoice_no = 'DR0421-25A000007' and status = 'StockHidden';
U0224-25A0000022,th223,th224,UPDATE th223.inward_invoice SET status = 'CANCELLED' WHERE id = 70216 and invoice_no = 'U0224-25A0000022' and status = 'StockHidden';
DR0429-25A001155,th435,th429,UPDATE th435.inward_invoice SET status = 'CANCELLED' WHERE id = 64145 and invoice_no = 'DR0429-25A001155' and status = 'StockHidden';
DR0301-25A000006,th214,th301,UPDATE th214.inward_invoice SET status = 'CANCELLED' WHERE id = 1041626 and invoice_no = 'DR0301-25A000006' and status = 'StockHidden';
U0224-25A0000058,th223,th224,UPDATE th223.inward_invoice SET status = 'CANCELLED' WHERE id = 69421 and invoice_no = 'U0224-25A0000058' and status = 'StockHidden';
DR0413-25A000988,th214,th413,UPDATE th214.inward_invoice SET status = 'CANCELLED' WHERE id = 1042842 and invoice_no = 'DR0413-25A000988' and status = 'StockHidden';
PD0425-25A002002,th223,th425,UPDATE th223.inward_invoice SET status = 'CANCELLED' WHERE id = 70175 and invoice_no = 'PD0425-25A002002' and status = 'StockHidden';
DR0401-25A000030,th427,th401,UPDATE th427.inward_invoice SET status = 'CANCELLED' WHERE id = 180001 and invoice_no = 'DR0401-25A000030' and status = 'StockHidden';
DR0428-25A000068,th223,th428,UPDATE th223.inward_invoice SET status = 'CANCELLED' WHERE id = 70290 and invoice_no = 'DR0428-25A000068' and status = 'StockHidden';
U0417-25A0000001,th430,th417,UPDATE th430.inward_invoice SET status = 'CANCELLED' WHERE id = 30167 and invoice_no = 'U0417-25A0000001' and status = 'StockHidden';
PD0224-25A004256,th223,th224,UPDATE th223.inward_invoice SET status = 'CANCELLED' WHERE id = 68589 and invoice_no = 'PD0224-25A004256' and status = 'StockHidden';
DR0425-25A000045,th223,th425,UPDATE th223.inward_invoice SET status = 'CANCELLED' WHERE id = 70583 and invoice_no = 'DR0425-25A000045' and status = 'StockHidden';
U0413-25A0000014,th214,th413,UPDATE th214.inward_invoice SET status = 'CANCELLED' WHERE id = 1027981 and invoice_no = 'U0413-25A0000014' and status = 'StockHidden';
PD0224-25A004572,th223,th224,UPDATE th223.inward_invoice SET status = 'CANCELLED' WHERE id = 70208 and invoice_no = 'PD0224-25A004572' and status = 'StockHidden';
DR0214-25A004076,th205,th214,UPDATE th205.inward_invoice SET status = 'CANCELLED' WHERE id = 553635 and invoice_no = 'DR0214-25A004076' and status = 'StockHidden';
DR0428-25A000019,th223,th428,UPDATE th223.inward_invoice SET status = 'CANCELLED' WHERE id = 69562 and invoice_no = 'DR0428-25A000019' and status = 'StockHidden';
DR0224-25A000132,th223,th224,UPDATE th223.inward_invoice SET status = 'CANCELLED' WHERE id = 70494 and invoice_no = 'DR0224-25A000132' and status = 'StockHidden';
PD0406-25A000642,th223,th406,UPDATE th223.inward_invoice SET status = 'CANCELLED' WHERE id = 68984 and invoice_no = 'PD0406-25A000642' and status = 'StockHidden';
U0224-25A0000081,th223,th224,UPDATE th223.inward_invoice SET status = 'CANCELLED' WHERE id = 69538 and invoice_no = 'U0224-25A0000081' and status = 'StockHidden';
DR0428-25A000055,th223,th428,UPDATE th223.inward_invoice SET status = 'CANCELLED' WHERE id = 69637 and invoice_no = 'DR0428-25A000055' and status = 'StockHidden';
PD0224-25A004802,th223,th224,UPDATE th223.inward_invoice SET status = 'CANCELLED' WHERE id = 69163 and invoice_no = 'PD0224-25A004802' and status = 'StockHidden';
PD0408-25A000857,th401,th408,UPDATE th401.inward_invoice SET status = 'CANCELLED' WHERE id = 50063 and invoice_no = 'PD0408-25A000857' and status = 'StockHidden';
DR0411-25A000027,th402,th411,UPDATE th402.inward_invoice SET status = 'CANCELLED' WHERE id = 220700 and invoice_no = 'DR0411-25A000027' and status = 'StockHidden';
U0224-25A0000015,th223,th224,UPDATE th223.inward_invoice SET status = 'CANCELLED' WHERE id = 68960 and invoice_no = 'U0224-25A0000015' and status = 'StockHidden';
PD0425-25A001946,th223,th425,UPDATE th223.inward_invoice SET status = 'CANCELLED' WHERE id = 70171 and invoice_no = 'PD0425-25A001946' and status = 'StockHidden';
DR0224-25A000735,th406,th224,UPDATE th406.inward_invoice SET status = 'CANCELLED' WHERE id = 35864 and invoice_no = 'DR0224-25A000735' and status = 'StockHidden';
PD0425-25A002043,th223,th425,UPDATE th223.inward_invoice SET status = 'CANCELLED' WHERE id = 70177 and invoice_no = 'PD0425-25A002043' and status = 'StockHidden';
PD0406-25A000600,th223,th406,UPDATE th223.inward_invoice SET status = 'CANCELLED' WHERE id = 68827 and invoice_no = 'PD0406-25A000600' and status = 'StockHidden';
PD0205-25A003111,th223,th205,UPDATE th223.inward_invoice SET status = 'CANCELLED' WHERE id = 69177 and invoice_no = 'PD0205-25A003111' and status = 'StockHidden';
PD0205-25A003110,th223,th205,UPDATE th223.inward_invoice SET status = 'CANCELLED' WHERE id = 69176 and invoice_no = 'PD0205-25A003110' and status = 'StockHidden';
PD0406-25A000499,th223,th406,UPDATE th223.inward_invoice SET status = 'CANCELLED' WHERE id = 68462 and invoice_no = 'PD0406-25A000499' and status = 'StockHidden';
DR0224-25A000009,th223,th224,UPDATE th223.inward_invoice SET status = 'CANCELLED' WHERE id = 69485 and invoice_no = 'DR0224-25A000009' and status = 'StockHidden';
DR0214-25A002965,th429,th214,UPDATE th429.inward_invoice SET status = 'CANCELLED' WHERE id = 138877 and invoice_no = 'DR0214-25A002965' and status = 'StockHidden';
PD0214-25A006062,th223,th214,UPDATE th223.inward_invoice SET status = 'CANCELLED' WHERE id = 68811 and invoice_no = 'PD0214-25A006062' and status = 'StockHidden';
PD0406-25A000491,th205,th406,UPDATE th205.inward_invoice SET status = 'CANCELLED' WHERE id = 531697 and invoice_no = 'PD0406-25A000491' and status = 'StockHidden';
DR0429-25A001150,th214,th429,UPDATE th214.inward_invoice SET status = 'CANCELLED' WHERE id = 1076145 and invoice_no = 'DR0429-25A001150' and status = 'StockHidden';
PD0205-25A002764,th223,th205,UPDATE th223.inward_invoice SET status = 'CANCELLED' WHERE id = 68638 and invoice_no = 'PD0205-25A002764' and status = 'StockHidden';
P0213-25A0000061,th429,th213,UPDATE th429.inward_invoice SET status = 'CANCELLED' WHERE id = 141422 and invoice_no = 'P0213-25A0000061' and status = 'StockHidden';
U0413-25A0000046,th214,th413,UPDATE th214.inward_invoice SET status = 'CANCELLED' WHERE id = 1035270 and invoice_no = 'U0413-25A0000046' and status = 'StockHidden';
DR0413-25A000905,th435,th413,UPDATE th435.inward_invoice SET status = 'CANCELLED' WHERE id = 61640 and invoice_no = 'DR0413-25A000905' and status = 'StockHidden';
PD0224-25A004525,th223,th224,UPDATE th223.inward_invoice SET status = 'CANCELLED' WHERE id = 68969 and invoice_no = 'PD0224-25A004525' and status = 'StockHidden';
PD0428-25A001375,th223,th428,UPDATE th223.inward_invoice SET status = 'CANCELLED' WHERE id = 69079 and invoice_no = 'PD0428-25A001375' and status = 'StockHidden';
DR0425-25A000157,th427,th425,UPDATE th427.inward_invoice SET status = 'CANCELLED' WHERE id = 182279 and invoice_no = 'DR0425-25A000157' and status = 'StockHidden';
PD0224-25A004138,th223,th224,UPDATE th223.inward_invoice SET status = 'CANCELLED' WHERE id = 70207 and invoice_no = 'PD0224-25A004138' and status = 'StockHidden';
U0428-25A0000043,th223,th428,UPDATE th223.inward_invoice SET status = 'CANCELLED' WHERE id = 69364 and invoice_no = 'U0428-25A0000043' and status = 'StockHidden';
PD0224-25A004560,th223,th224,UPDATE th223.inward_invoice SET status = 'CANCELLED' WHERE id = 69010 and invoice_no = 'PD0224-25A004560' and status = 'StockHidden';
PD0406-25A000613,th205,th406,UPDATE th205.inward_invoice SET status = 'CANCELLED' WHERE id = 538456 and invoice_no = 'PD0406-25A000613' and status = 'StockHidden';
PD0406-25A000693,th401,th406,UPDATE th401.inward_invoice SET status = 'CANCELLED' WHERE id = 50919 and invoice_no = 'PD0406-25A000693' and status = 'StockHidden';
DR0301-25A000005,th214,th301,UPDATE th214.inward_invoice SET status = 'CANCELLED' WHERE id = 1041624 and invoice_no = 'DR0301-25A000005' and status = 'StockHidden';
U0428-25A0000071,th223,th428,UPDATE th223.inward_invoice SET status = 'CANCELLED' WHERE id = 69483 and invoice_no = 'U0428-25A0000071' and status = 'StockHidden';
DR0213-25A000003,th435,th213,UPDATE th435.inward_invoice SET status = 'CANCELLED' WHERE id = 63683 and invoice_no = 'DR0213-25A000003' and status = 'StockHidden';
DR0425-25A000019,th223,th425,UPDATE th223.inward_invoice SET status = 'CANCELLED' WHERE id = 70454 and invoice_no = 'DR0425-25A000019' and status = 'StockHidden';
U0425-25A0000001,th223,th425,UPDATE th223.inward_invoice SET status = 'CANCELLED' WHERE id = 70179 and invoice_no = 'U0425-25A0000001' and status = 'StockHidden';
P0214-25A0001097,th429,th214,UPDATE th429.inward_invoice SET status = 'CANCELLED' WHERE id = 136080 and invoice_no = 'P0214-25A0001097' and status = 'StockHidden';
U0224-25A0000011,th223,th224,UPDATE th223.inward_invoice SET status = 'CANCELLED' WHERE id = 68928 and invoice_no = 'U0224-25A0000011' and status = 'StockHidden';
PD0405-25A000372,th214,th405,UPDATE th214.inward_invoice SET status = 'CANCELLED' WHERE id = 1025342 and invoice_no = 'PD0405-25A000372' and status = 'StockHidden';
DR0224-25A000046,th223,th224,UPDATE th223.inward_invoice SET status = 'CANCELLED' WHERE id = 69510 and invoice_no = 'DR0224-25A000046' and status = 'StockHidden';
DR0405-25A000066,th205,th405,UPDATE th205.inward_invoice SET status = 'CANCELLED' WHERE id = 555280 and invoice_no = 'DR0405-25A000066' and status = 'StockHidden';
PD0214-25A005082,th223,th214,UPDATE th223.inward_invoice SET status = 'CANCELLED' WHERE id = 68361 and invoice_no = 'PD0214-25A005082' and status = 'StockHidden';
PD0406-25A000601,th223,th406,UPDATE th223.inward_invoice SET status = 'CANCELLED' WHERE id = 68828 and invoice_no = 'PD0406-25A000601' and status = 'StockHidden';
P0428-25A0000525,th224,th428,UPDATE th224.inward_invoice SET status = 'CANCELLED' WHERE id = 923860 and invoice_no = 'P0428-25A0000525' and status = 'StockHidden';
DR0214-25A002617,th429,th214,UPDATE th429.inward_invoice SET status = 'CANCELLED' WHERE id = 138214 and invoice_no = 'DR0214-25A002617' and status = 'StockHidden';
DR0406-25A000013,th223,th406,UPDATE th223.inward_invoice SET status = 'CANCELLED' WHERE id = 69616 and invoice_no = 'DR0406-25A000013' and status = 'StockHidden';
PD0224-25A004504,th223,th224,UPDATE th223.inward_invoice SET status = 'CANCELLED' WHERE id = 68953 and invoice_no = 'PD0224-25A004504' and status = 'StockHidden';
PD0406-25A000808,th401,th406,UPDATE th401.inward_invoice SET status = 'CANCELLED' WHERE id = 51149 and invoice_no = 'PD0406-25A000808' and status = 'StockHidden';
DR0205-25A000005,th223,th205,UPDATE th223.inward_invoice SET status = 'CANCELLED' WHERE id = 69436 and invoice_no = 'DR0205-25A000005' and status = 'StockHidden';
DR0213-25A000002,th435,th213,UPDATE th435.inward_invoice SET status = 'CANCELLED' WHERE id = 63682 and invoice_no = 'DR0213-25A000002' and status = 'StockHidden';
DR0425-25A000128,th224,th425,UPDATE th224.inward_invoice SET status = 'CANCELLED' WHERE id = 933333 and invoice_no = 'DR0425-25A000128' and status = 'StockHidden';
PD0205-25A003116,th223,th205,UPDATE th223.inward_invoice SET status = 'CANCELLED' WHERE id = 69180 and invoice_no = 'PD0205-25A003116' and status = 'StockHidden';
DR0425-25A000020,th223,th425,UPDATE th223.inward_invoice SET status = 'CANCELLED' WHERE id = 70455 and invoice_no = 'DR0425-25A000020' and status = 'StockHidden';
DR0413-25A000927,th214,th413,UPDATE th214.inward_invoice SET status = 'CANCELLED' WHERE id = 1040041 and invoice_no = 'DR0413-25A000927' and status = 'StockHidden';
U0301-25A0000003,th214,th301,UPDATE th214.inward_invoice SET status = 'CANCELLED' WHERE id = 1027283 and invoice_no = 'U0301-25A0000003' and status = 'StockHidden';
PD0408-25A000841,th223,th408,UPDATE th223.inward_invoice SET status = 'CANCELLED' WHERE id = 68401 and invoice_no = 'PD0408-25A000841' and status = 'StockHidden';
DR0214-25A002964,th429,th214,UPDATE th429.inward_invoice SET status = 'CANCELLED' WHERE id = 138876 and invoice_no = 'DR0214-25A002964' and status = 'StockHidden';
DR0428-25A000065,th223,th428,UPDATE th223.inward_invoice SET status = 'CANCELLED' WHERE id = 69648 and invoice_no = 'DR0428-25A000065' and status = 'StockHidden';
PD0406-25A000505,th223,th406,UPDATE th223.inward_invoice SET status = 'CANCELLED' WHERE id = 68471 and invoice_no = 'PD0406-25A000505' and status = 'StockHidden';
DR0428-25A000061,th223,th428,UPDATE th223.inward_invoice SET status = 'CANCELLED' WHERE id = 69646 and invoice_no = 'DR0428-25A000061' and status = 'StockHidden';
PD0406-25A000608,th223,th406,UPDATE th223.inward_invoice SET status = 'CANCELLED' WHERE id = 68832 and invoice_no = 'PD0406-25A000608' and status = 'StockHidden';
PD0205-25A002869,th223,th205,UPDATE th223.inward_invoice SET status = 'CANCELLED' WHERE id = 68843 and invoice_no = 'PD0205-25A002869' and status = 'StockHidden';
PD0406-25A000635,th223,th406,UPDATE th223.inward_invoice SET status = 'CANCELLED' WHERE id = 68983 and invoice_no = 'PD0406-25A000635' and status = 'StockHidden';
DR0205-25A000010,th223,th205,UPDATE th223.inward_invoice SET status = 'CANCELLED' WHERE id = 69441 and invoice_no = 'DR0205-25A000010' and status = 'StockHidden';
PD0428-25A001350,th223,th428,UPDATE th223.inward_invoice SET status = 'CANCELLED' WHERE id = 69936 and invoice_no = 'PD0428-25A001350' and status = 'StockHidden';
PD0406-25A000653,th223,th406,UPDATE th223.inward_invoice SET status = 'CANCELLED' WHERE id = 68988 and invoice_no = 'PD0406-25A000653' and status = 'StockHidden';
PD0205-25A002859,th405,th205,UPDATE th405.inward_invoice SET status = 'CANCELLED' WHERE id = 34266 and invoice_no = 'PD0205-25A002859' and status = 'StockHidden';
DR0205-25A000009,th223,th205,UPDATE th223.inward_invoice SET status = 'CANCELLED' WHERE id = 69440 and invoice_no = 'DR0205-25A000009' and status = 'StockHidden';
DR0224-25A000089,th223,th224,UPDATE th223.inward_invoice SET status = 'CANCELLED' WHERE id = 70390 and invoice_no = 'DR0224-25A000089' and status = 'StockHidden';
DR0224-25A000097,th223,th224,UPDATE th223.inward_invoice SET status = 'CANCELLED' WHERE id = 70398 and invoice_no = 'DR0224-25A000097' and status = 'StockHidden';
PD0205-25A003118,th223,th205,UPDATE th223.inward_invoice SET status = 'CANCELLED' WHERE id = 69182 and invoice_no = 'PD0205-25A003118' and status = 'StockHidden';
U0413-25A0000061,th214,th413,UPDATE th214.inward_invoice SET status = 'CANCELLED' WHERE id = 1039146 and invoice_no = 'U0413-25A0000061' and status = 'StockHidden';
PD0205-25A003115,th223,th205,UPDATE th223.inward_invoice SET status = 'CANCELLED' WHERE id = 69179 and invoice_no = 'PD0205-25A003115' and status = 'StockHidden';
DR0224-25A000035,th223,th224,UPDATE th223.inward_invoice SET status = 'CANCELLED' WHERE id = 69503 and invoice_no = 'DR0224-25A000035' and status = 'StockHidden';
DR0410-25A000022,th409,th410,UPDATE th409.inward_invoice SET status = 'CANCELLED' WHERE id = 52176 and invoice_no = 'DR0410-25A000022' and status = 'StockHidden';
PD0214-25A006066,th223,th214,UPDATE th223.inward_invoice SET status = 'CANCELLED' WHERE id = 68812 and invoice_no = 'PD0214-25A006066' and status = 'StockHidden';
PD0406-25A000599,th223,th406,UPDATE th223.inward_invoice SET status = 'CANCELLED' WHERE id = 68826 and invoice_no = 'PD0406-25A000599' and status = 'StockHidden';
PD0408-25A000836,th223,th408,UPDATE th223.inward_invoice SET status = 'CANCELLED' WHERE id = 68398 and invoice_no = 'PD0408-25A000836' and status = 'StockHidden';
PD0405-25A000404,th223,th405,UPDATE th223.inward_invoice SET status = 'CANCELLED' WHERE id = 68655 and invoice_no = 'PD0405-25A000404' and status = 'StockHidden';
DR0224-25A000063,th223,th224,UPDATE th223.inward_invoice SET status = 'CANCELLED' WHERE id = 69536 and invoice_no = 'DR0224-25A000063' and status = 'StockHidden';
DR0428-25A000052,th223,th428,UPDATE th223.inward_invoice SET status = 'CANCELLED' WHERE id = 69633 and invoice_no = 'DR0428-25A000052' and status = 'StockHidden';
PD0408-25A000831,th223,th408,UPDATE th223.inward_invoice SET status = 'CANCELLED' WHERE id = 68397 and invoice_no = 'PD0408-25A000831' and status = 'StockHidden';
PD0224-25A004804,th223,th224,UPDATE th223.inward_invoice SET status = 'CANCELLED' WHERE id = 69171 and invoice_no = 'PD0224-25A004804' and status = 'StockHidden';
PD0406-25A000593,th223,th406,UPDATE th223.inward_invoice SET status = 'CANCELLED' WHERE id = 68822 and invoice_no = 'PD0406-25A000593' and status = 'StockHidden';
PD0406-25A000537,th223,th406,UPDATE th223.inward_invoice SET status = 'CANCELLED' WHERE id = 68502 and invoice_no = 'PD0406-25A000537' and status = 'StockHidden';
U0224-25A0000076,th223,th224,UPDATE th223.inward_invoice SET status = 'CANCELLED' WHERE id = 69522 and invoice_no = 'U0224-25A0000076' and status = 'StockHidden';
U0224-25A0000046,th223,th224,UPDATE th223.inward_invoice SET status = 'CANCELLED' WHERE id = 70226 and invoice_no = 'U0224-25A0000046' and status = 'StockHidden';
PD0205-25A002881,th223,th205,UPDATE th223.inward_invoice SET status = 'CANCELLED' WHERE id = 68853 and invoice_no = 'PD0205-25A002881' and status = 'StockHidden';
PD0405-25A000335,th223,th405,UPDATE th223.inward_invoice SET status = 'CANCELLED' WHERE id = 68575 and invoice_no = 'PD0405-25A000335' and status = 'StockHidden';
PD0405-25A000338,th223,th405,UPDATE th223.inward_invoice SET status = 'CANCELLED' WHERE id = 68578 and invoice_no = 'PD0405-25A000338' and status = 'StockHidden';
DR0224-25A000044,th223,th224,UPDATE th223.inward_invoice SET status = 'CANCELLED' WHERE id = 69508 and invoice_no = 'DR0224-25A000044' and status = 'StockHidden';
PD0205-25A002717,th214,th205,UPDATE th214.inward_invoice SET status = 'CANCELLED' WHERE id = 1039029 and invoice_no = 'PD0205-25A002717' and status = 'StockHidden';
DR0214-25A002614,th429,th214,UPDATE th429.inward_invoice SET status = 'CANCELLED' WHERE id = 138208 and invoice_no = 'DR0214-25A002614' and status = 'StockHidden';
PD0224-25A005062,th223,th224,UPDATE th223.inward_invoice SET status = 'CANCELLED' WHERE id = 69418 and invoice_no = 'PD0224-25A005062' and status = 'StockHidden';
PD0413-25A003298,th214,th413,UPDATE th214.inward_invoice SET status = 'CANCELLED' WHERE id = 1030104 and invoice_no = 'PD0413-25A003298' and status = 'StockHidden';
U0224-25A0000040,th223,th224,UPDATE th223.inward_invoice SET status = 'CANCELLED' WHERE id = 69157 and invoice_no = 'U0224-25A0000040' and status = 'StockHidden';
DR0425-25A000029,th223,th425,UPDATE th223.inward_invoice SET status = 'CANCELLED' WHERE id = 70478 and invoice_no = 'DR0425-25A000029' and status = 'StockHidden';
P0224-25A0000088,th223,th224,UPDATE th223.inward_invoice SET status = 'CANCELLED' WHERE id = 70197 and invoice_no = 'P0224-25A0000088' and status = 'StockHidden';
PD0405-25A000401,th223,th405,UPDATE th223.inward_invoice SET status = 'CANCELLED' WHERE id = 68654 and invoice_no = 'PD0405-25A000401' and status = 'StockHidden';
PD0224-25A004167,th223,th224,UPDATE th223.inward_invoice SET status = 'CANCELLED' WHERE id = 68467 and invoice_no = 'PD0224-25A004167' and status = 'StockHidden';
DR0429-25A001130,th214,th429,UPDATE th214.inward_invoice SET status = 'CANCELLED' WHERE id = 1071619 and invoice_no = 'DR0429-25A001130' and status = 'StockHidden';
PD0224-25A004406,th223,th224,UPDATE th223.inward_invoice SET status = 'CANCELLED' WHERE id = 68774 and invoice_no = 'PD0224-25A004406' and status = 'StockHidden';
DR0428-25A000072,th223,th428,UPDATE th223.inward_invoice SET status = 'CANCELLED' WHERE id = 70298 and invoice_no = 'DR0428-25A000072' and status = 'StockHidden';
PD0417-25A000118,th421,th417,UPDATE th421.inward_invoice SET status = 'CANCELLED' WHERE id = 27395 and invoice_no = 'PD0417-25A000118' and status = 'StockHidden';
DR0224-25A000160,th223,th224,UPDATE th223.inward_invoice SET status = 'CANCELLED' WHERE id = 70603 and invoice_no = 'DR0224-25A000160' and status = 'StockHidden';
PD0406-25A000531,th205,th406,UPDATE th205.inward_invoice SET status = 'CANCELLED' WHERE id = 538454 and invoice_no = 'PD0406-25A000531' and status = 'StockHidden';
PD0405-25A000423,th223,th405,UPDATE th223.inward_invoice SET status = 'CANCELLED' WHERE id = 68839 and invoice_no = 'PD0405-25A000423' and status = 'StockHidden';
DR0224-25A000124,th223,th224,UPDATE th223.inward_invoice SET status = 'CANCELLED' WHERE id = 70475 and invoice_no = 'DR0224-25A000124' and status = 'StockHidden';
DR0205-25A000019,th223,th205,UPDATE th223.inward_invoice SET status = 'CANCELLED' WHERE id = 69450 and invoice_no = 'DR0205-25A000019' and status = 'StockHidden';
DR0224-25A000138,th223,th224,UPDATE th223.inward_invoice SET status = 'CANCELLED' WHERE id = 70503 and invoice_no = 'DR0224-25A000138' and status = 'StockHidden';
PD0205-25A002868,th223,th205,UPDATE th223.inward_invoice SET status = 'CANCELLED' WHERE id = 68842 and invoice_no = 'PD0205-25A002868' and status = 'StockHidden';
PD0224-25A004373,th223,th224,UPDATE th223.inward_invoice SET status = 'CANCELLED' WHERE id = 68696 and invoice_no = 'PD0224-25A004373' and status = 'StockHidden';
PD0405-25A000342,th223,th405,UPDATE th223.inward_invoice SET status = 'CANCELLED' WHERE id = 68581 and invoice_no = 'PD0405-25A000342' and status = 'StockHidden';
U0407-25A0000009,th401,th407,UPDATE th401.inward_invoice SET status = 'CANCELLED' WHERE id = 51600 and invoice_no = 'U0407-25A0000009' and status = 'StockHidden';
DR0224-25A000049,th223,th224,UPDATE th223.inward_invoice SET status = 'CANCELLED' WHERE id = 69511 and invoice_no = 'DR0224-25A000049' and status = 'StockHidden';
PD0406-25A000738,th223,th406,UPDATE th223.inward_invoice SET status = 'CANCELLED' WHERE id = 69107 and invoice_no = 'PD0406-25A000738' and status = 'StockHidden';
DR0214-25A002618,th429,th214,UPDATE th429.inward_invoice SET status = 'CANCELLED' WHERE id = 138218 and invoice_no = 'DR0214-25A002618' and status = 'StockHidden';
P0405-25A0000110,th427,th405,UPDATE th427.inward_invoice SET status = 'CANCELLED' WHERE id = 181798 and invoice_no = 'P0405-25A0000110' and status = 'StockHidden';
DR0224-25A000084,th223,th224,UPDATE th223.inward_invoice SET status = 'CANCELLED' WHERE id = 114107 and invoice_no = 'DR0224-25A000084' and status = 'StockHidden';
DR0425-25A000046,th223,th425,UPDATE th223.inward_invoice SET status = 'CANCELLED' WHERE id = 70584 and invoice_no = 'DR0425-25A000046' and status = 'StockHidden';
PD0406-25A000662,th223,th406,UPDATE th223.inward_invoice SET status = 'CANCELLED' WHERE id = 68999 and invoice_no = 'PD0406-25A000662' and status = 'StockHidden';
PD0406-25A000597,th223,th406,UPDATE th223.inward_invoice SET status = 'CANCELLED' WHERE id = 68823 and invoice_no = 'PD0406-25A000597' and status = 'StockHidden';
DR0224-25A000112,th223,th224,UPDATE th223.inward_invoice SET status = 'CANCELLED' WHERE id = 70433 and invoice_no = 'DR0224-25A000112' and status = 'StockHidden';
DR0205-25A000017,th223,th205,UPDATE th223.inward_invoice SET status = 'CANCELLED' WHERE id = 69447 and invoice_no = 'DR0205-25A000017' and status = 'StockHidden';
DR0205-25A000018,th223,th205,UPDATE th223.inward_invoice SET status = 'CANCELLED' WHERE id = 69448 and invoice_no = 'DR0205-25A000018' and status = 'StockHidden';
PD0406-25A000548,th223,th406,UPDATE th223.inward_invoice SET status = 'CANCELLED' WHERE id = 68533 and invoice_no = 'PD0406-25A000548' and status = 'StockHidden';
PD0406-25A000532,th223,th406,UPDATE th223.inward_invoice SET status = 'CANCELLED' WHERE id = 68501 and invoice_no = 'PD0406-25A000532' and status = 'StockHidden';
P0224-25A0000376,th428,th224,UPDATE th428.inward_invoice SET status = 'CANCELLED' WHERE id = 48513 and invoice_no = 'P0224-25A0000376' and status = 'StockHidden';
PD0406-25A000758,th401,th406,UPDATE th401.inward_invoice SET status = 'CANCELLED' WHERE id = 50978 and invoice_no = 'PD0406-25A000758' and status = 'StockHidden';
PD0405-25A000390,th223,th405,UPDATE th223.inward_invoice SET status = 'CANCELLED' WHERE id = 68649 and invoice_no = 'PD0405-25A000390' and status = 'StockHidden';
U0224-25A0000018,th223,th224,UPDATE th223.inward_invoice SET status = 'CANCELLED' WHERE id = 68968 and invoice_no = 'U0224-25A0000018' and status = 'StockHidden';
PD0205-25A003113,th223,th205,UPDATE th223.inward_invoice SET status = 'CANCELLED' WHERE id = 69178 and invoice_no = 'PD0205-25A003113' and status = 'StockHidden';
P0224-25A0000374,th428,th224,UPDATE th428.inward_invoice SET status = 'CANCELLED' WHERE id = 48292 and invoice_no = 'P0224-25A0000374' and status = 'StockHidden';
PD0406-25A000538,th223,th406,UPDATE th223.inward_invoice SET status = 'CANCELLED' WHERE id = 68524 and invoice_no = 'PD0406-25A000538' and status = 'StockHidden';
PD0418-25A000069,th223,th418,UPDATE th223.inward_invoice SET status = 'CANCELLED' WHERE id = 68656 and invoice_no = 'PD0418-25A000069' and status = 'StockHidden';
DR0205-25A000004,th223,th205,UPDATE th223.inward_invoice SET status = 'CANCELLED' WHERE id = 69435 and invoice_no = 'DR0205-25A000004' and status = 'StockHidden';
P0428-25A0000535,th427,th428,UPDATE th427.inward_invoice SET status = 'CANCELLED' WHERE id = 174785 and invoice_no = 'P0428-25A0000535' and status = 'StockHidden';
DR0429-25A001174,th411,th429,UPDATE th411.inward_invoice SET status = 'CANCELLED' WHERE id = 202471 and invoice_no = 'DR0429-25A001174' and status = 'StockHidden';
DR0224-25A000149,th223,th224,UPDATE th223.inward_invoice SET status = 'CANCELLED' WHERE id = 114102 and invoice_no = 'DR0224-25A000149' and status = 'StockHidden';
P0402-25A0000149,th411,th402,UPDATE th411.inward_invoice SET status = 'CANCELLED' WHERE id = 197039 and invoice_no = 'P0402-25A0000149' and status = 'StockHidden';
DR0224-25A000142,th223,th224,UPDATE th223.inward_invoice SET status = 'CANCELLED' WHERE id = 70516 and invoice_no = 'DR0224-25A000142' and status = 'StockHidden';
PD0406-25A000628,th223,th406,UPDATE th223.inward_invoice SET status = 'CANCELLED' WHERE id = 68957 and invoice_no = 'PD0406-25A000628' and status = 'StockHidden';
U0413-25A0000010,th223,th413,UPDATE th223.inward_invoice SET status = 'CANCELLED' WHERE id = 68907 and invoice_no = 'U0413-25A0000010' and status = 'StockHidden';
PD0428-25A001349,th223,th428,UPDATE th223.inward_invoice SET status = 'CANCELLED' WHERE id = 69935 and invoice_no = 'PD0428-25A001349' and status = 'StockHidden';
PD0425-25A001902,th223,th425,UPDATE th223.inward_invoice SET status = 'CANCELLED' WHERE id = 70170 and invoice_no = 'PD0425-25A001902' and status = 'StockHidden';
PD0205-25A002887,th223,th205,UPDATE th223.inward_invoice SET status = 'CANCELLED' WHERE id = 68860 and invoice_no = 'PD0205-25A002887' and status = 'StockHidden';
PD0405-25A000318,th223,th405,UPDATE th223.inward_invoice SET status = 'CANCELLED' WHERE id = 70245 and invoice_no = 'PD0405-25A000318' and status = 'StockHidden';
DR0224-25A000045,th223,th224,UPDATE th223.inward_invoice SET status = 'CANCELLED' WHERE id = 69509 and invoice_no = 'DR0224-25A000045' and status = 'StockHidden';
DR0428-25A000028,th223,th428,UPDATE th223.inward_invoice SET status = 'CANCELLED' WHERE id = 69574 and invoice_no = 'DR0428-25A000028' and status = 'StockHidden';
U0224-25A0000071,th223,th224,UPDATE th223.inward_invoice SET status = 'CANCELLED' WHERE id = 70232 and invoice_no = 'U0224-25A0000071' and status = 'StockHidden';
DR0224-25A000013,th223,th224,UPDATE th223.inward_invoice SET status = 'CANCELLED' WHERE id = 69491 and invoice_no = 'DR0224-25A000013' and status = 'StockHidden';
U0224-25A0000061,th223,th224,UPDATE th223.inward_invoice SET status = 'CANCELLED' WHERE id = 69431 and invoice_no = 'U0224-25A0000061' and status = 'StockHidden';
PD0205-25A002886,th223,th205,UPDATE th223.inward_invoice SET status = 'CANCELLED' WHERE id = 68858 and invoice_no = 'PD0205-25A002886' and status = 'StockHidden';
U0224-25A0000028,th223,th224,UPDATE th223.inward_invoice SET status = 'CANCELLED' WHERE id = 70219 and invoice_no = 'U0224-25A0000028' and status = 'StockHidden';
PD0224-25A004807,th223,th224,UPDATE th223.inward_invoice SET status = 'CANCELLED' WHERE id = 70210 and invoice_no = 'PD0224-25A004807' and status = 'StockHidden';
P0213-25A0000044,th429,th213,UPDATE th429.inward_invoice SET status = 'CANCELLED' WHERE id = 140310 and invoice_no = 'P0213-25A0000044' and status = 'StockHidden';
PD0205-25A002872,th223,th205,UPDATE th223.inward_invoice SET status = 'CANCELLED' WHERE id = 68845 and invoice_no = 'PD0205-25A002872' and status = 'StockHidden';
DR0425-25A000040,th223,th425,UPDATE th223.inward_invoice SET status = 'CANCELLED' WHERE id = 70576 and invoice_no = 'DR0425-25A000040' and status = 'StockHidden';
PD0425-25A002029,th223,th425,UPDATE th223.inward_invoice SET status = 'CANCELLED' WHERE id = 70176 and invoice_no = 'PD0425-25A002029' and status = 'StockHidden';
U0224-25A0000029,th223,th224,UPDATE th223.inward_invoice SET status = 'CANCELLED' WHERE id = 70220 and invoice_no = 'U0224-25A0000029' and status = 'StockHidden';
DR0224-25A000108,th223,th224,UPDATE th223.inward_invoice SET status = 'CANCELLED' WHERE id = 70418 and invoice_no = 'DR0224-25A000108' and status = 'StockHidden';
DR0224-25A000059,th223,th224,UPDATE th223.inward_invoice SET status = 'CANCELLED' WHERE id = 69527 and invoice_no = 'DR0224-25A000059' and status = 'StockHidden';
PD0406-25A000626,th223,th406,UPDATE th223.inward_invoice SET status = 'CANCELLED' WHERE id = 68956 and invoice_no = 'PD0406-25A000626' and status = 'StockHidden';
PD0224-25A004449,th223,th224,UPDATE th223.inward_invoice SET status = 'CANCELLED' WHERE id = 68923 and invoice_no = 'PD0224-25A004449' and status = 'StockHidden';
P0214-25A0002998,th429,th214,UPDATE th429.inward_invoice SET status = 'CANCELLED' WHERE id = 143836 and invoice_no = 'P0214-25A0002998' and status = 'StockHidden';
P0407-25A0000076,th224,th407,UPDATE th224.inward_invoice SET status = 'CANCELLED' WHERE id = 924364 and invoice_no = 'P0407-25A0000076' and status = 'StockHidden';
DR0224-25A000033,th223,th224,UPDATE th223.inward_invoice SET status = 'CANCELLED' WHERE id = 69502 and invoice_no = 'DR0224-25A000033' and status = 'StockHidden';
PD0224-25A004806,th223,th224,UPDATE th223.inward_invoice SET status = 'CANCELLED' WHERE id = 69173 and invoice_no = 'PD0224-25A004806' and status = 'StockHidden';
DR0429-25A001120,th435,th429,UPDATE th435.inward_invoice SET status = 'CANCELLED' WHERE id = 62192 and invoice_no = 'DR0429-25A001120' and status = 'StockHidden';
PD0406-25A000736,th223,th406,UPDATE th223.inward_invoice SET status = 'CANCELLED' WHERE id = 69105 and invoice_no = 'PD0406-25A000736' and status = 'StockHidden';
DR0413-25A000959,th214,th413,UPDATE th214.inward_invoice SET status = 'CANCELLED' WHERE id = 1041326 and invoice_no = 'DR0413-25A000959' and status = 'StockHidden';
PD0406-25A000498,th401,th406,UPDATE th401.inward_invoice SET status = 'CANCELLED' WHERE id = 50136 and invoice_no = 'PD0406-25A000498' and status = 'StockHidden';
PD0406-25A000675,th223,th406,UPDATE th223.inward_invoice SET status = 'CANCELLED' WHERE id = 69053 and invoice_no = 'PD0406-25A000675' and status = 'StockHidden';
P0224-25A0000161,th223,th224,UPDATE th223.inward_invoice SET status = 'CANCELLED' WHERE id = 70515 and invoice_no = 'P0224-25A0000161' and status = 'StockHidden';
PD0224-25A004396,th223,th224,UPDATE th223.inward_invoice SET status = 'CANCELLED' WHERE id = 68767 and invoice_no = 'PD0224-25A004396' and status = 'StockHidden';
P0213-25A0000034,th429,th213,UPDATE th429.inward_invoice SET status = 'CANCELLED' WHERE id = 140300 and invoice_no = 'P0213-25A0000034' and status = 'StockHidden';
U0224-25A0000077,th223,th224,UPDATE th223.inward_invoice SET status = 'CANCELLED' WHERE id = 69526 and invoice_no = 'U0224-25A0000077' and status = 'StockHidden';
DR0411-25A000050,th402,th411,UPDATE th402.inward_invoice SET status = 'CANCELLED' WHERE id = 224109 and invoice_no = 'DR0411-25A000050' and status = 'StockHidden';
DR0224-25A000449,th407,th224,UPDATE th407.inward_invoice SET status = 'CANCELLED' WHERE id = 29102 and invoice_no = 'DR0224-25A000449' and status = 'StockHidden';
DR0224-25A000073,th223,th224,UPDATE th223.inward_invoice SET status = 'CANCELLED' WHERE id = 114004 and invoice_no = 'DR0224-25A000073' and status = 'StockHidden';
PD0406-25A000584,th223,th406,UPDATE th223.inward_invoice SET status = 'CANCELLED' WHERE id = 68821 and invoice_no = 'PD0406-25A000584' and status = 'StockHidden';
DR0205-25A000014,th223,th205,UPDATE th223.inward_invoice SET status = 'CANCELLED' WHERE id = 69445 and invoice_no = 'DR0205-25A000014' and status = 'StockHidden';
DR0224-25A000099,th223,th224,UPDATE th223.inward_invoice SET status = 'CANCELLED' WHERE id = 70402 and invoice_no = 'DR0224-25A000099' and status = 'StockHidden';
U0224-25A0000082,th223,th224,UPDATE th223.inward_invoice SET status = 'CANCELLED' WHERE id = 69539 and invoice_no = 'U0224-25A0000082' and status = 'StockHidden';
U0425-25A0000004,th223,th425,UPDATE th223.inward_invoice SET status = 'CANCELLED' WHERE id = 68657 and invoice_no = 'U0425-25A0000004' and status = 'StockHidden';
PD0425-25A001980,th223,th425,UPDATE th223.inward_invoice SET status = 'CANCELLED' WHERE id = 70172 and invoice_no = 'PD0425-25A001980' and status = 'StockHidden';
PD0205-25A002875,th223,th205,UPDATE th223.inward_invoice SET status = 'CANCELLED' WHERE id = 68847 and invoice_no = 'PD0205-25A002875' and status = 'StockHidden';
DR0411-25A000032,th402,th411,UPDATE th402.inward_invoice SET status = 'CANCELLED' WHERE id = 220303 and invoice_no = 'DR0411-25A000032' and status = 'StockHidden';
U0224-25A0000037,th223,th224,UPDATE th223.inward_invoice SET status = 'CANCELLED' WHERE id = 69083 and invoice_no = 'U0224-25A0000037' and status = 'StockHidden';
PD0205-25A002477,th223,th205,UPDATE th223.inward_invoice SET status = 'CANCELLED' WHERE id = 68500 and invoice_no = 'PD0205-25A002477' and status = 'StockHidden';
PD0205-25A003108,th223,th205,UPDATE th223.inward_invoice SET status = 'CANCELLED' WHERE id = 69174 and invoice_no = 'PD0205-25A003108' and status = 'StockHidden';
PD0405-25A000344,th223,th405,UPDATE th223.inward_invoice SET status = 'CANCELLED' WHERE id = 68583 and invoice_no = 'PD0405-25A000344' and status = 'StockHidden';
PD0224-25A004392,th223,th224,UPDATE th223.inward_invoice SET status = 'CANCELLED' WHERE id = 68765 and invoice_no = 'PD0224-25A004392' and status = 'StockHidden';
DR0410-25A000021,th411,th410,UPDATE th411.inward_invoice SET status = 'CANCELLED' WHERE id = 203025 and invoice_no = 'DR0410-25A000021' and status = 'StockHidden';
DR0214-25A002998,th429,th214,UPDATE th429.inward_invoice SET status = 'CANCELLED' WHERE id = 139081 and invoice_no = 'DR0214-25A002998' and status = 'StockHidden';
U0425-25A0000002,th223,th425,UPDATE th223.inward_invoice SET status = 'CANCELLED' WHERE id = 70180 and invoice_no = 'U0425-25A0000002' and status = 'StockHidden';
DR0224-25A000006,th223,th224,UPDATE th223.inward_invoice SET status = 'CANCELLED' WHERE id = 69430 and invoice_no = 'DR0224-25A000006' and status = 'StockHidden';
PD0406-25A000496,th214,th406,UPDATE th214.inward_invoice SET status = 'CANCELLED' WHERE id = 1024410 and invoice_no = 'PD0406-25A000496' and status = 'StockHidden';
PD0205-25A003117,th223,th205,UPDATE th223.inward_invoice SET status = 'CANCELLED' WHERE id = 69181 and invoice_no = 'PD0205-25A003117' and status = 'StockHidden';
P0428-25A0000540,th427,th428,UPDATE th427.inward_invoice SET status = 'CANCELLED' WHERE id = 174926 and invoice_no = 'P0428-25A0000540' and status = 'StockHidden';
PD0405-25A000343,th223,th405,UPDATE th223.inward_invoice SET status = 'CANCELLED' WHERE id = 68582 and invoice_no = 'PD0405-25A000343' and status = 'StockHidden';
PD0405-25A000418,th223,th405,UPDATE th223.inward_invoice SET status = 'CANCELLED' WHERE id = 68836 and invoice_no = 'PD0405-25A000418' and status = 'StockHidden';
PD0406-25A000512,th223,th406,UPDATE th223.inward_invoice SET status = 'CANCELLED' WHERE id = 68473 and invoice_no = 'PD0406-25A000512' and status = 'StockHidden';
PD0406-25A000655,th223,th406,UPDATE th223.inward_invoice SET status = 'CANCELLED' WHERE id = 68998 and invoice_no = 'PD0406-25A000655' and status = 'StockHidden';
PD0205-25A002769,th223,th205,UPDATE th223.inward_invoice SET status = 'CANCELLED' WHERE id = 68642 and invoice_no = 'PD0205-25A002769' and status = 'StockHidden';
PD0405-25A000419,th223,th405,UPDATE th223.inward_invoice SET status = 'CANCELLED' WHERE id = 68837 and invoice_no = 'PD0405-25A000419' and status = 'StockHidden';
PD0224-25A004803,th223,th224,UPDATE th223.inward_invoice SET status = 'CANCELLED' WHERE id = 69168 and invoice_no = 'PD0224-25A004803' and status = 'StockHidden';
PD0205-25A002766,th223,th205,UPDATE th223.inward_invoice SET status = 'CANCELLED' WHERE id = 68640 and invoice_no = 'PD0205-25A002766' and status = 'StockHidden';
PD0406-25A000618,th214,th406,UPDATE th214.inward_invoice SET status = 'CANCELLED' WHERE id = 1028147 and invoice_no = 'PD0406-25A000618' and status = 'StockHidden';
