source_debit_note_number,source_tenant,dest_tenant,updateInvoiceDetailsQuery,updateUnifiedVendorQuery,deletePurchaseIssueInvoiceQuery
P0413-25A0000262,th413,th429,"UPDATE th413.purchase_issue SET updated_on = NOW(), invoice_id = NULL, invoice_no = NULL, invoice_tenant = NULL WHERE id = 45813 AND invoice_id = 37021 AND invoice_no = 'T0429-25A0001606';","UPDATE unified_vendor_returnable_item SET quantity = 0, updated_on = NOW(), status = 'CANCELLED' WHERE reference_id = 45813 AND reference_type = 'PURCHASE_RETURN' AND partner_detail_id = 191768 AND tenant = 'th413';",DELETE FROM th413.purchase_issue_invoice WHERE purchase_issue_id = 45813 AND invoice_id = 37021 AND invoice_no = 'T0429-25A0001606';
P0413-25A0000262,th413,th429,"UPDATE th413.purchase_issue SET updated_on = NOW(), invoice_id = NULL, invoice_no = NULL, invoice_tenant = NULL WHERE id = 45815 AND invoice_id = 25988 AND invoice_no = 'T0429-25A0001720';","UPDATE unified_vendor_returnable_item SET quantity = 0, updated_on = NOW(), status = 'CANCELLED' WHERE reference_id = 45815 AND reference_type = 'PURCHASE_RETURN' AND partner_detail_id = 191768 AND tenant = 'th413';",DELETE FROM th413.purchase_issue_invoice WHERE purchase_issue_id = 45815 AND invoice_id = 25988 AND invoice_no = 'T0429-25A0001720';
P0413-25A0000244,th413,th214,"UPDATE th413.purchase_issue SET updated_on = NOW(), invoice_id = NULL, invoice_no = NULL, invoice_tenant = NULL WHERE id = 45596 AND invoice_id = 25590 AND invoice_no = 'T0214-25A0008402';","UPDATE unified_vendor_returnable_item SET quantity = 0, updated_on = NOW(), status = 'CANCELLED' WHERE reference_id = 45596 AND reference_type = 'PURCHASE_RETURN' AND partner_detail_id = 3449 AND tenant = 'th413';",DELETE FROM th413.purchase_issue_invoice WHERE purchase_issue_id = 45596 AND invoice_id = 25590 AND invoice_no = 'T0214-25A0008402';
P0417-25A0000046,th417,th429,"UPDATE th417.purchase_issue SET updated_on = NOW(), invoice_id = NULL, invoice_no = NULL, invoice_tenant = NULL WHERE id = 24499 AND invoice_id = 34822 AND invoice_no = 'T0214-25A0005499';","UPDATE unified_vendor_returnable_item SET quantity = 0, updated_on = NOW(), status = 'CANCELLED' WHERE reference_id = 24499 AND reference_type = 'PURCHASE_RETURN' AND partner_detail_id = 191768 AND tenant = 'th417';",DELETE FROM th417.purchase_issue_invoice WHERE purchase_issue_id = 24499 AND invoice_id = 34822 AND invoice_no = 'T0214-25A0005499';
P0417-25A0000046,th417,th429,"UPDATE th417.purchase_issue SET updated_on = NOW(), invoice_id = NULL, invoice_no = NULL, invoice_tenant = NULL WHERE id = 25640 AND invoice_id = 34871 AND invoice_no = 'T0214-25A0005611';","UPDATE unified_vendor_returnable_item SET quantity = 0, updated_on = NOW(), status = 'CANCELLED' WHERE reference_id = 25640 AND reference_type = 'PURCHASE_RETURN' AND partner_detail_id = 191768 AND tenant = 'th417';",DELETE FROM th417.purchase_issue_invoice WHERE purchase_issue_id = 25640 AND invoice_id = 34871 AND invoice_no = 'T0214-25A0005611';
P0417-25A0000046,th417,th429,"UPDATE th417.purchase_issue SET updated_on = NOW(), invoice_id = NULL, invoice_no = NULL, invoice_tenant = NULL WHERE id = 25656 AND invoice_id = 35249 AND invoice_no = 'T0214-25A0006615';","UPDATE unified_vendor_returnable_item SET quantity = 0, updated_on = NOW(), status = 'CANCELLED' WHERE reference_id = 25656 AND reference_type = 'PURCHASE_RETURN' AND partner_detail_id = 191768 AND tenant = 'th417';",DELETE FROM th417.purchase_issue_invoice WHERE purchase_issue_id = 25656 AND invoice_id = 35249 AND invoice_no = 'T0214-25A0006615';
P0417-25A0000046,th417,th429,"UPDATE th417.purchase_issue SET updated_on = NOW(), invoice_id = NULL, invoice_no = NULL, invoice_tenant = NULL WHERE id = 25916 AND invoice_id = 34475 AND invoice_no = 'T0214-25A0004741';","UPDATE unified_vendor_returnable_item SET quantity = 0, updated_on = NOW(), status = 'CANCELLED' WHERE reference_id = 25916 AND reference_type = 'PURCHASE_RETURN' AND partner_detail_id = 191768 AND tenant = 'th417';",DELETE FROM th417.purchase_issue_invoice WHERE purchase_issue_id = 25916 AND invoice_id = 34475 AND invoice_no = 'T0214-25A0004741';
P0435-25A0000018,th435,th214,"UPDATE th435.purchase_issue SET updated_on = NOW(), invoice_id = NULL, invoice_no = NULL, invoice_tenant = NULL WHERE id = 3531 AND invoice_id = 24287 AND invoice_no = 'T0214-25A0005952';","UPDATE unified_vendor_returnable_item SET quantity = 0, updated_on = NOW(), status = 'CANCELLED' WHERE reference_id = 3531 AND reference_type = 'PURCHASE_RETURN' AND partner_detail_id = 3449 AND tenant = 'th435';",DELETE FROM th435.purchase_issue_invoice WHERE purchase_issue_id = 3531 AND invoice_id = 24287 AND invoice_no = 'T0214-25A0005952';
P0435-25A0000018,th435,th214,"UPDATE th435.purchase_issue SET updated_on = NOW(), invoice_id = NULL, invoice_no = NULL, invoice_tenant = NULL WHERE id = 4795 AND invoice_id = 34710 AND invoice_no = 'T0214-25A0005280';","UPDATE unified_vendor_returnable_item SET quantity = 0, updated_on = NOW(), status = 'CANCELLED' WHERE reference_id = 4795 AND reference_type = 'PURCHASE_RETURN' AND partner_detail_id = 3449 AND tenant = 'th435';",DELETE FROM th435.purchase_issue_invoice WHERE purchase_issue_id = 4795 AND invoice_id = 34710 AND invoice_no = 'T0214-25A0005280';
P0435-25A0000018,th435,th214,"UPDATE th435.purchase_issue SET updated_on = NOW(), invoice_id = NULL, invoice_no = NULL, invoice_tenant = NULL WHERE id = 4829 AND invoice_id = 38758 AND invoice_no = 'T0214-25A0005227';","UPDATE unified_vendor_returnable_item SET quantity = 0, updated_on = NOW(), status = 'CANCELLED' WHERE reference_id = 4829 AND reference_type = 'PURCHASE_RETURN' AND partner_detail_id = 3449 AND tenant = 'th435';",DELETE FROM th435.purchase_issue_invoice WHERE purchase_issue_id = 4829 AND invoice_id = 38758 AND invoice_no = 'T0214-25A0005227';
P0435-25A0000018,th435,th214,"UPDATE th435.purchase_issue SET updated_on = NOW(), invoice_id = NULL, invoice_no = NULL, invoice_tenant = NULL WHERE id = 4892 AND invoice_id = 24060 AND invoice_no = 'T0214-25A0005473';","UPDATE unified_vendor_returnable_item SET quantity = 0, updated_on = NOW(), status = 'CANCELLED' WHERE reference_id = 4892 AND reference_type = 'PURCHASE_RETURN' AND partner_detail_id = 3449 AND tenant = 'th435';",DELETE FROM th435.purchase_issue_invoice WHERE purchase_issue_id = 4892 AND invoice_id = 24060 AND invoice_no = 'T0214-25A0005473';
P0435-25A0000018,th435,th214,"UPDATE th435.purchase_issue SET updated_on = NOW(), invoice_id = NULL, invoice_no = NULL, invoice_tenant = NULL WHERE id = 4901 AND invoice_id = 23972 AND invoice_no = 'T0214-25A0005199';","UPDATE unified_vendor_returnable_item SET quantity = 0, updated_on = NOW(), status = 'CANCELLED' WHERE reference_id = 4901 AND reference_type = 'PURCHASE_RETURN' AND partner_detail_id = 3449 AND tenant = 'th435';",DELETE FROM th435.purchase_issue_invoice WHERE purchase_issue_id = 4901 AND invoice_id = 23972 AND invoice_no = 'T0214-25A0005199';
P0435-25A0000018,th435,th214,"UPDATE th435.purchase_issue SET updated_on = NOW(), invoice_id = NULL, invoice_no = NULL, invoice_tenant = NULL WHERE id = 5256 AND invoice_id = 3420 AND invoice_no = 'T0214-25A0008339';","UPDATE unified_vendor_returnable_item SET quantity = 0, updated_on = NOW(), status = 'CANCELLED' WHERE reference_id = 5256 AND reference_type = 'PURCHASE_RETURN' AND partner_detail_id = 3449 AND tenant = 'th435';",DELETE FROM th435.purchase_issue_invoice WHERE purchase_issue_id = 5256 AND invoice_id = 3420 AND invoice_no = 'T0214-25A0008339';
P0435-25A0000018,th435,th214,"UPDATE th435.purchase_issue SET updated_on = NOW(), invoice_id = NULL, invoice_no = NULL, invoice_tenant = NULL WHERE id = 5260 AND invoice_id = 23640 AND invoice_no = 'T0214-25A0004117';","UPDATE unified_vendor_returnable_item SET quantity = 0, updated_on = NOW(), status = 'CANCELLED' WHERE reference_id = 5260 AND reference_type = 'PURCHASE_RETURN' AND partner_detail_id = 3449 AND tenant = 'th435';",DELETE FROM th435.purchase_issue_invoice WHERE purchase_issue_id = 5260 AND invoice_id = 23640 AND invoice_no = 'T0214-25A0004117';
P0435-25A0000018,th435,th214,"UPDATE th435.purchase_issue SET updated_on = NOW(), invoice_id = NULL, invoice_no = NULL, invoice_tenant = NULL WHERE id = 5269 AND invoice_id = 41166 AND invoice_no = 'T0214-25A0008787';","UPDATE unified_vendor_returnable_item SET quantity = 0, updated_on = NOW(), status = 'CANCELLED' WHERE reference_id = 5269 AND reference_type = 'PURCHASE_RETURN' AND partner_detail_id = 3449 AND tenant = 'th435';",DELETE FROM th435.purchase_issue_invoice WHERE purchase_issue_id = 5269 AND invoice_id = 41166 AND invoice_no = 'T0214-25A0008787';
P0435-25A0000024,th435,th429,"UPDATE th435.purchase_issue SET updated_on = NOW(), invoice_id = NULL, invoice_no = NULL, invoice_tenant = NULL WHERE id = 2780 AND invoice_id = 25114 AND invoice_no = 'T0429-25A0000270';","UPDATE unified_vendor_returnable_item SET quantity = 0, updated_on = NOW(), status = 'CANCELLED' WHERE reference_id = 2780 AND reference_type = 'PURCHASE_RETURN' AND partner_detail_id = 191768 AND tenant = 'th435';",DELETE FROM th435.purchase_issue_invoice WHERE purchase_issue_id = 2780 AND invoice_id = 25114 AND invoice_no = 'T0429-25A0000270';
P0435-25A0000024,th435,th429,"UPDATE th435.purchase_issue SET updated_on = NOW(), invoice_id = NULL, invoice_no = NULL, invoice_tenant = NULL WHERE id = 4070 AND invoice_id = 41562 AND invoice_no = 'T0429-25A0002039';","UPDATE unified_vendor_returnable_item SET quantity = 0, updated_on = NOW(), status = 'CANCELLED' WHERE reference_id = 4070 AND reference_type = 'PURCHASE_RETURN' AND partner_detail_id = 191768 AND tenant = 'th435';",DELETE FROM th435.purchase_issue_invoice WHERE purchase_issue_id = 4070 AND invoice_id = 41562 AND invoice_no = 'T0429-25A0002039';
P0435-25A0000024,th435,th429,"UPDATE th435.purchase_issue SET updated_on = NOW(), invoice_id = NULL, invoice_no = NULL, invoice_tenant = NULL WHERE id = 4072 AND invoice_id = 37821 AND invoice_no = 'T0429-25A0002556';","UPDATE unified_vendor_returnable_item SET quantity = 0, updated_on = NOW(), status = 'CANCELLED' WHERE reference_id = 4072 AND reference_type = 'PURCHASE_RETURN' AND partner_detail_id = 191768 AND tenant = 'th435';",DELETE FROM th435.purchase_issue_invoice WHERE purchase_issue_id = 4072 AND invoice_id = 37821 AND invoice_no = 'T0429-25A0002556';
P0435-25A0000024,th435,th429,"UPDATE th435.purchase_issue SET updated_on = NOW(), invoice_id = NULL, invoice_no = NULL, invoice_tenant = NULL WHERE id = 4182 AND invoice_id = 40481 AND invoice_no = 'T0429-25A0000594';","UPDATE unified_vendor_returnable_item SET quantity = 0, updated_on = NOW(), status = 'CANCELLED' WHERE reference_id = 4182 AND reference_type = 'PURCHASE_RETURN' AND partner_detail_id = 191768 AND tenant = 'th435';",DELETE FROM th435.purchase_issue_invoice WHERE purchase_issue_id = 4182 AND invoice_id = 40481 AND invoice_no = 'T0429-25A0000594';
P0401-25A0000133,th401,th427,"UPDATE th401.purchase_issue SET updated_on = NOW(), invoice_id = NULL, invoice_no = NULL, invoice_tenant = NULL WHERE id = 91783 AND invoice_id = 51274 AND invoice_no = 'T0425-25A0001224';","UPDATE unified_vendor_returnable_item SET quantity = 0, updated_on = NOW(), status = 'CANCELLED' WHERE reference_id = 91783 AND reference_type = 'PURCHASE_RETURN' AND partner_detail_id = 60526 AND tenant = 'th401';",DELETE FROM th401.purchase_issue_invoice WHERE purchase_issue_id = 91783 AND invoice_id = 51274 AND invoice_no = 'T0425-25A0001224';
P0401-25A0000133,th401,th427,"UPDATE th401.purchase_issue SET updated_on = NOW(), invoice_id = NULL, invoice_no = NULL, invoice_tenant = NULL WHERE id = 91785 AND invoice_id = 51302 AND invoice_no = 'T0425-25A0001239';","UPDATE unified_vendor_returnable_item SET quantity = 0, updated_on = NOW(), status = 'CANCELLED' WHERE reference_id = 91785 AND reference_type = 'PURCHASE_RETURN' AND partner_detail_id = 60526 AND tenant = 'th401';",DELETE FROM th401.purchase_issue_invoice WHERE purchase_issue_id = 91785 AND invoice_id = 51302 AND invoice_no = 'T0425-25A0001239';
P0401-25A0000133,th401,th427,"UPDATE th401.purchase_issue SET updated_on = NOW(), invoice_id = NULL, invoice_no = NULL, invoice_tenant = NULL WHERE id = 91786 AND invoice_id = 52577 AND invoice_no = 'T0425-25A0001494';","UPDATE unified_vendor_returnable_item SET quantity = 0, updated_on = NOW(), status = 'CANCELLED' WHERE reference_id = 91786 AND reference_type = 'PURCHASE_RETURN' AND partner_detail_id = 60526 AND tenant = 'th401';",DELETE FROM th401.purchase_issue_invoice WHERE purchase_issue_id = 91786 AND invoice_id = 52577 AND invoice_no = 'T0425-25A0001494';
P0401-25A0000133,th401,th427,"UPDATE th401.purchase_issue SET updated_on = NOW(), invoice_id = NULL, invoice_no = NULL, invoice_tenant = NULL WHERE id = 91974 AND invoice_id = 50503 AND invoice_no = 'T0224-25A0011973';","UPDATE unified_vendor_returnable_item SET quantity = 0, updated_on = NOW(), status = 'CANCELLED' WHERE reference_id = 91974 AND reference_type = 'PURCHASE_RETURN' AND partner_detail_id = 60526 AND tenant = 'th401';",DELETE FROM th401.purchase_issue_invoice WHERE purchase_issue_id = 91974 AND invoice_id = 50503 AND invoice_no = 'T0224-25A0011973';
P0401-25A0000133,th401,th427,"UPDATE th401.purchase_issue SET updated_on = NOW(), invoice_id = NULL, invoice_no = NULL, invoice_tenant = NULL WHERE id = 91983 AND invoice_id = 52940 AND invoice_no = 'T0224-25A0015960';","UPDATE unified_vendor_returnable_item SET quantity = 0, updated_on = NOW(), status = 'CANCELLED' WHERE reference_id = 91983 AND reference_type = 'PURCHASE_RETURN' AND partner_detail_id = 60526 AND tenant = 'th401';",DELETE FROM th401.purchase_issue_invoice WHERE purchase_issue_id = 91983 AND invoice_id = 52940 AND invoice_no = 'T0224-25A0015960';
P0401-25A0000133,th401,th427,"UPDATE th401.purchase_issue SET updated_on = NOW(), invoice_id = NULL, invoice_no = NULL, invoice_tenant = NULL WHERE id = 91985 AND invoice_id = 51471 AND invoice_no = 'T0224-25A0013150';","UPDATE unified_vendor_returnable_item SET quantity = 0, updated_on = NOW(), status = 'CANCELLED' WHERE reference_id = 91985 AND reference_type = 'PURCHASE_RETURN' AND partner_detail_id = 60526 AND tenant = 'th401';",DELETE FROM th401.purchase_issue_invoice WHERE purchase_issue_id = 91985 AND invoice_id = 51471 AND invoice_no = 'T0224-25A0013150';
P0401-25A0000133,th401,th427,"UPDATE th401.purchase_issue SET updated_on = NOW(), invoice_id = NULL, invoice_no = NULL, invoice_tenant = NULL WHERE id = 92106 AND invoice_id = 52711 AND invoice_no = 'T0224-25A0015501';","UPDATE unified_vendor_returnable_item SET quantity = 0, updated_on = NOW(), status = 'CANCELLED' WHERE reference_id = 92106 AND reference_type = 'PURCHASE_RETURN' AND partner_detail_id = 60526 AND tenant = 'th401';",DELETE FROM th401.purchase_issue_invoice WHERE purchase_issue_id = 92106 AND invoice_id = 52711 AND invoice_no = 'T0224-25A0015501';
P0401-25A0000133,th401,th427,"UPDATE th401.purchase_issue SET updated_on = NOW(), invoice_id = NULL, invoice_no = NULL, invoice_tenant = NULL WHERE id = 92147 AND invoice_id = 50771 AND invoice_no = 'T0224-25A0012371';","UPDATE unified_vendor_returnable_item SET quantity = 0, updated_on = NOW(), status = 'CANCELLED' WHERE reference_id = 92147 AND reference_type = 'PURCHASE_RETURN' AND partner_detail_id = 60526 AND tenant = 'th401';",DELETE FROM th401.purchase_issue_invoice WHERE purchase_issue_id = 92147 AND invoice_id = 50771 AND invoice_no = 'T0224-25A0012371';
P0401-25A0000133,th401,th427,"UPDATE th401.purchase_issue SET updated_on = NOW(), invoice_id = NULL, invoice_no = NULL, invoice_tenant = NULL WHERE id = 92150 AND invoice_id = 49748 AND invoice_no = 'T0224-25A0010462';","UPDATE unified_vendor_returnable_item SET quantity = 0, updated_on = NOW(), status = 'CANCELLED' WHERE reference_id = 92150 AND reference_type = 'PURCHASE_RETURN' AND partner_detail_id = 60526 AND tenant = 'th401';",DELETE FROM th401.purchase_issue_invoice WHERE purchase_issue_id = 92150 AND invoice_id = 49748 AND invoice_no = 'T0224-25A0010462';
P0401-25A0000133,th401,th427,"UPDATE th401.purchase_issue SET updated_on = NOW(), invoice_id = NULL, invoice_no = NULL, invoice_tenant = NULL WHERE id = 92392 AND invoice_id = 52940 AND invoice_no = 'T0224-25A0015960';","UPDATE unified_vendor_returnable_item SET quantity = 0, updated_on = NOW(), status = 'CANCELLED' WHERE reference_id = 92392 AND reference_type = 'PURCHASE_RETURN' AND partner_detail_id = 60526 AND tenant = 'th401';",DELETE FROM th401.purchase_issue_invoice WHERE purchase_issue_id = 92392 AND invoice_id = 52940 AND invoice_no = 'T0224-25A0015960';
P0401-25A0000133,th401,th427,"UPDATE th401.purchase_issue SET updated_on = NOW(), invoice_id = NULL, invoice_no = NULL, invoice_tenant = NULL WHERE id = 92540 AND invoice_id = 52946 AND invoice_no = 'T0407-25A0000307';","UPDATE unified_vendor_returnable_item SET quantity = 0, updated_on = NOW(), status = 'CANCELLED' WHERE reference_id = 92540 AND reference_type = 'PURCHASE_RETURN' AND partner_detail_id = 60526 AND tenant = 'th401';",DELETE FROM th401.purchase_issue_invoice WHERE purchase_issue_id = 92540 AND invoice_id = 52946 AND invoice_no = 'T0407-25A0000307';
P0413-25A0000227,th413,th214,"UPDATE th413.purchase_issue SET updated_on = NOW(), invoice_id = NULL, invoice_no = NULL, invoice_tenant = NULL WHERE id = 44966 AND invoice_id = 9182 AND invoice_no = 'MU214/23/A000382';","UPDATE unified_vendor_returnable_item SET quantity = 0, updated_on = NOW(), status = 'CANCELLED' WHERE reference_id = 44966 AND reference_type = 'PURCHASE_RETURN' AND partner_detail_id = 3449 AND tenant = 'th413';",DELETE FROM th413.purchase_issue_invoice WHERE purchase_issue_id = 44966 AND invoice_id = 9182 AND invoice_no = 'MU214/23/A000382';
P0413-25A0000227,th413,th214,"UPDATE th413.purchase_issue SET updated_on = NOW(), invoice_id = NULL, invoice_no = NULL, invoice_tenant = NULL WHERE id = 44972 AND invoice_id = 9182 AND invoice_no = 'MU214/23/A000382';","UPDATE unified_vendor_returnable_item SET quantity = 0, updated_on = NOW(), status = 'CANCELLED' WHERE reference_id = 44972 AND reference_type = 'PURCHASE_RETURN' AND partner_detail_id = 3449 AND tenant = 'th413';",DELETE FROM th413.purchase_issue_invoice WHERE purchase_issue_id = 44972 AND invoice_id = 9182 AND invoice_no = 'MU214/23/A000382';
P0413-25A0000227,th413,th214,"UPDATE th413.purchase_issue SET updated_on = NOW(), invoice_id = NULL, invoice_no = NULL, invoice_tenant = NULL WHERE id = 44994 AND invoice_id = 9045 AND invoice_no = 'A0214-24A0000153';","UPDATE unified_vendor_returnable_item SET quantity = 0, updated_on = NOW(), status = 'CANCELLED' WHERE reference_id = 44994 AND reference_type = 'PURCHASE_RETURN' AND partner_detail_id = 3449 AND tenant = 'th413';",DELETE FROM th413.purchase_issue_invoice WHERE purchase_issue_id = 44994 AND invoice_id = 9045 AND invoice_no = 'A0214-24A0000153';
P0413-25A0000227,th413,th214,"UPDATE th413.purchase_issue SET updated_on = NOW(), invoice_id = NULL, invoice_no = NULL, invoice_tenant = NULL WHERE id = 45100 AND invoice_id = 9182 AND invoice_no = 'MU214/23/A000382';","UPDATE unified_vendor_returnable_item SET quantity = 0, updated_on = NOW(), status = 'CANCELLED' WHERE reference_id = 45100 AND reference_type = 'PURCHASE_RETURN' AND partner_detail_id = 3449 AND tenant = 'th413';",DELETE FROM th413.purchase_issue_invoice WHERE purchase_issue_id = 45100 AND invoice_id = 9182 AND invoice_no = 'MU214/23/A000382';
P0413-25A0000227,th413,th214,"UPDATE th413.purchase_issue SET updated_on = NOW(), invoice_id = NULL, invoice_no = NULL, invoice_tenant = NULL WHERE id = 45103 AND invoice_id = 9052 AND invoice_no = 'A0214-24A0000164';","UPDATE unified_vendor_returnable_item SET quantity = 0, updated_on = NOW(), status = 'CANCELLED' WHERE reference_id = 45103 AND reference_type = 'PURCHASE_RETURN' AND partner_detail_id = 3449 AND tenant = 'th413';",DELETE FROM th413.purchase_issue_invoice WHERE purchase_issue_id = 45103 AND invoice_id = 9052 AND invoice_no = 'A0214-24A0000164';
P0413-25A0000224,th413,th214,"UPDATE th413.purchase_issue SET updated_on = NOW(), invoice_id = NULL, invoice_no = NULL, invoice_tenant = NULL WHERE id = 44840 AND invoice_id = 17008 AND invoice_no = 'A0214-24A0000699';","UPDATE unified_vendor_returnable_item SET quantity = 0, updated_on = NOW(), status = 'CANCELLED' WHERE reference_id = 44840 AND reference_type = 'PURCHASE_RETURN' AND partner_detail_id = 3449 AND tenant = 'th413';",DELETE FROM th413.purchase_issue_invoice WHERE purchase_issue_id = 44840 AND invoice_id = 17008 AND invoice_no = 'A0214-24A0000699';
P0413-25A0000224,th413,th214,"UPDATE th413.purchase_issue SET updated_on = NOW(), invoice_id = NULL, invoice_no = NULL, invoice_tenant = NULL WHERE id = 44896 AND invoice_id = 3844 AND invoice_no = 'AR22-23-1232';","UPDATE unified_vendor_returnable_item SET quantity = 0, updated_on = NOW(), status = 'CANCELLED' WHERE reference_id = 44896 AND reference_type = 'PURCHASE_RETURN' AND partner_detail_id = 3449 AND tenant = 'th413';",DELETE FROM th413.purchase_issue_invoice WHERE purchase_issue_id = 44896 AND invoice_id = 3844 AND invoice_no = 'AR22-23-1232';
P0413-25A0000223,th413,th214,"UPDATE th413.purchase_issue SET updated_on = NOW(), invoice_id = NULL, invoice_no = NULL, invoice_tenant = NULL WHERE id = 44833 AND invoice_id = 23850 AND invoice_no = 'T0214-25A0004823';","UPDATE unified_vendor_returnable_item SET quantity = 0, updated_on = NOW(), status = 'CANCELLED' WHERE reference_id = 44833 AND reference_type = 'PURCHASE_RETURN' AND partner_detail_id = 3449 AND tenant = 'th413';",DELETE FROM th413.purchase_issue_invoice WHERE purchase_issue_id = 44833 AND invoice_id = 23850 AND invoice_no = 'T0214-25A0004823';
P0413-25A0000217,th413,th214,"UPDATE th413.purchase_issue SET updated_on = NOW(), invoice_id = NULL, invoice_no = NULL, invoice_tenant = NULL WHERE id = 44169 AND invoice_id = 23881 AND invoice_no = 'T0214-25A0004888';","UPDATE unified_vendor_returnable_item SET quantity = 0, updated_on = NOW(), status = 'CANCELLED' WHERE reference_id = 44169 AND reference_type = 'PURCHASE_RETURN' AND partner_detail_id = 3449 AND tenant = 'th413';",DELETE FROM th413.purchase_issue_invoice WHERE purchase_issue_id = 44169 AND invoice_id = 23881 AND invoice_no = 'T0214-25A0004888';
P0413-25A0000217,th413,th214,"UPDATE th413.purchase_issue SET updated_on = NOW(), invoice_id = NULL, invoice_no = NULL, invoice_tenant = NULL WHERE id = 44341 AND invoice_id = 9053 AND invoice_no = 'A0214-24A0000165';","UPDATE unified_vendor_returnable_item SET quantity = 0, updated_on = NOW(), status = 'CANCELLED' WHERE reference_id = 44341 AND reference_type = 'PURCHASE_RETURN' AND partner_detail_id = 3449 AND tenant = 'th413';",DELETE FROM th413.purchase_issue_invoice WHERE purchase_issue_id = 44341 AND invoice_id = 9053 AND invoice_no = 'A0214-24A0000165';
P0413-25A0000217,th413,th214,"UPDATE th413.purchase_issue SET updated_on = NOW(), invoice_id = NULL, invoice_no = NULL, invoice_tenant = NULL WHERE id = 44426 AND invoice_id = 17008 AND invoice_no = 'A0214-24A0000699';","UPDATE unified_vendor_returnable_item SET quantity = 0, updated_on = NOW(), status = 'CANCELLED' WHERE reference_id = 44426 AND reference_type = 'PURCHASE_RETURN' AND partner_detail_id = 3449 AND tenant = 'th413';",DELETE FROM th413.purchase_issue_invoice WHERE purchase_issue_id = 44426 AND invoice_id = 17008 AND invoice_no = 'A0214-24A0000699';
P0413-25A0000217,th413,th214,"UPDATE th413.purchase_issue SET updated_on = NOW(), invoice_id = NULL, invoice_no = NULL, invoice_tenant = NULL WHERE id = 44443 AND invoice_id = 9182 AND invoice_no = 'MU214/23/A000382';","UPDATE unified_vendor_returnable_item SET quantity = 0, updated_on = NOW(), status = 'CANCELLED' WHERE reference_id = 44443 AND reference_type = 'PURCHASE_RETURN' AND partner_detail_id = 3449 AND tenant = 'th413';",DELETE FROM th413.purchase_issue_invoice WHERE purchase_issue_id = 44443 AND invoice_id = 9182 AND invoice_no = 'MU214/23/A000382';
P0413-25A0000217,th413,th214,"UPDATE th413.purchase_issue SET updated_on = NOW(), invoice_id = NULL, invoice_no = NULL, invoice_tenant = NULL WHERE id = 44529 AND invoice_id = 3730 AND invoice_no = 'AF22-23-1703';","UPDATE unified_vendor_returnable_item SET quantity = 0, updated_on = NOW(), status = 'CANCELLED' WHERE reference_id = 44529 AND reference_type = 'PURCHASE_RETURN' AND partner_detail_id = 3449 AND tenant = 'th413';",DELETE FROM th413.purchase_issue_invoice WHERE purchase_issue_id = 44529 AND invoice_id = 3730 AND invoice_no = 'AF22-23-1703';
P0413-25A0000217,th413,th214,"UPDATE th413.purchase_issue SET updated_on = NOW(), invoice_id = NULL, invoice_no = NULL, invoice_tenant = NULL WHERE id = 44674 AND invoice_id = 25719 AND invoice_no = 'T0214-25A0008577';","UPDATE unified_vendor_returnable_item SET quantity = 0, updated_on = NOW(), status = 'CANCELLED' WHERE reference_id = 44674 AND reference_type = 'PURCHASE_RETURN' AND partner_detail_id = 3449 AND tenant = 'th413';",DELETE FROM th413.purchase_issue_invoice WHERE purchase_issue_id = 44674 AND invoice_id = 25719 AND invoice_no = 'T0214-25A0008577';
P0413-25A0000217,th413,th214,"UPDATE th413.purchase_issue SET updated_on = NOW(), invoice_id = NULL, invoice_no = NULL, invoice_tenant = NULL WHERE id = 44701 AND invoice_id = 9182 AND invoice_no = 'MU214/23/A000382';","UPDATE unified_vendor_returnable_item SET quantity = 0, updated_on = NOW(), status = 'CANCELLED' WHERE reference_id = 44701 AND reference_type = 'PURCHASE_RETURN' AND partner_detail_id = 3449 AND tenant = 'th413';",DELETE FROM th413.purchase_issue_invoice WHERE purchase_issue_id = 44701 AND invoice_id = 9182 AND invoice_no = 'MU214/23/A000382';
P0413-25A0000217,th413,th214,"UPDATE th413.purchase_issue SET updated_on = NOW(), invoice_id = NULL, invoice_no = NULL, invoice_tenant = NULL WHERE id = 44787 AND invoice_id = 9182 AND invoice_no = 'MU214/23/A000382';","UPDATE unified_vendor_returnable_item SET quantity = 0, updated_on = NOW(), status = 'CANCELLED' WHERE reference_id = 44787 AND reference_type = 'PURCHASE_RETURN' AND partner_detail_id = 3449 AND tenant = 'th413';",DELETE FROM th413.purchase_issue_invoice WHERE purchase_issue_id = 44787 AND invoice_id = 9182 AND invoice_no = 'MU214/23/A000382';
P0417-25A0000048,th417,th214,"UPDATE th417.purchase_issue SET updated_on = NOW(), invoice_id = NULL, invoice_no = NULL, invoice_tenant = NULL WHERE id = 25113 AND invoice_id = 35447 AND invoice_no = 'T0421-25A0000173';","UPDATE unified_vendor_returnable_item SET quantity = 0, updated_on = NOW(), status = 'CANCELLED' WHERE reference_id = 25113 AND reference_type = 'PURCHASE_RETURN' AND partner_detail_id = 3449 AND tenant = 'th417';",DELETE FROM th417.purchase_issue_invoice WHERE purchase_issue_id = 25113 AND invoice_id = 35447 AND invoice_no = 'T0421-25A0000173';
P0417-25A0000043,th417,th214,"UPDATE th417.purchase_issue SET updated_on = NOW(), invoice_id = NULL, invoice_no = NULL, invoice_tenant = NULL WHERE id = 24996 AND invoice_id = 4997 AND invoice_no = 'AR22-22-7067';","UPDATE unified_vendor_returnable_item SET quantity = 0, updated_on = NOW(), status = 'CANCELLED' WHERE reference_id = 24996 AND reference_type = 'PURCHASE_RETURN' AND partner_detail_id = 3449 AND tenant = 'th417';",DELETE FROM th417.purchase_issue_invoice WHERE purchase_issue_id = 24996 AND invoice_id = 4997 AND invoice_no = 'AR22-22-7067';
P0413-25A0000214,th413,th214,"UPDATE th413.purchase_issue SET updated_on = NOW(), invoice_id = NULL, invoice_no = NULL, invoice_tenant = NULL WHERE id = 44320 AND invoice_id = 3844 AND invoice_no = 'AR22-23-1232';","UPDATE unified_vendor_returnable_item SET quantity = 0, updated_on = NOW(), status = 'CANCELLED' WHERE reference_id = 44320 AND reference_type = 'PURCHASE_RETURN' AND partner_detail_id = 3449 AND tenant = 'th413';",DELETE FROM th413.purchase_issue_invoice WHERE purchase_issue_id = 44320 AND invoice_id = 3844 AND invoice_no = 'AR22-23-1232';
P0413-25A0000214,th413,th214,"UPDATE th413.purchase_issue SET updated_on = NOW(), invoice_id = NULL, invoice_no = NULL, invoice_tenant = NULL WHERE id = 44467 AND invoice_id = 6146 AND invoice_no = 'MU214/23/A000358';","UPDATE unified_vendor_returnable_item SET quantity = 0, updated_on = NOW(), status = 'CANCELLED' WHERE reference_id = 44467 AND reference_type = 'PURCHASE_RETURN' AND partner_detail_id = 3449 AND tenant = 'th413';",DELETE FROM th413.purchase_issue_invoice WHERE purchase_issue_id = 44467 AND invoice_id = 6146 AND invoice_no = 'MU214/23/A000358';
P0413-25A0000214,th413,th214,"UPDATE th413.purchase_issue SET updated_on = NOW(), invoice_id = NULL, invoice_no = NULL, invoice_tenant = NULL WHERE id = 44506 AND invoice_id = 9045 AND invoice_no = 'A0214-24A0000153';","UPDATE unified_vendor_returnable_item SET quantity = 0, updated_on = NOW(), status = 'CANCELLED' WHERE reference_id = 44506 AND reference_type = 'PURCHASE_RETURN' AND partner_detail_id = 3449 AND tenant = 'th413';",DELETE FROM th413.purchase_issue_invoice WHERE purchase_issue_id = 44506 AND invoice_id = 9045 AND invoice_no = 'A0214-24A0000153';
P0417-25A0000052,th417,th429,"UPDATE th417.purchase_issue SET updated_on = NOW(), invoice_id = NULL, invoice_no = NULL, invoice_tenant = NULL WHERE id = 24500 AND invoice_id = 38544 AND invoice_no = 'T0214-25A0004528';","UPDATE unified_vendor_returnable_item SET quantity = 0, updated_on = NOW(), status = 'CANCELLED' WHERE reference_id = 24500 AND reference_type = 'PURCHASE_RETURN' AND partner_detail_id = 191768 AND tenant = 'th417';",DELETE FROM th417.purchase_issue_invoice WHERE purchase_issue_id = 24500 AND invoice_id = 38544 AND invoice_no = 'T0214-25A0004528';
P0435-25A0000019,th435,th214,"UPDATE th435.purchase_issue SET updated_on = NOW(), invoice_id = NULL, invoice_no = NULL, invoice_tenant = NULL WHERE id = 3249 AND invoice_id = 24074 AND invoice_no = 'T0214-25A0005496';","UPDATE unified_vendor_returnable_item SET quantity = 0, updated_on = NOW(), status = 'CANCELLED' WHERE reference_id = 3249 AND reference_type = 'PURCHASE_RETURN' AND partner_detail_id = 3449 AND tenant = 'th435';",DELETE FROM th435.purchase_issue_invoice WHERE purchase_issue_id = 3249 AND invoice_id = 24074 AND invoice_no = 'T0214-25A0005496';
P0435-25A0000019,th435,th214,"UPDATE th435.purchase_issue SET updated_on = NOW(), invoice_id = NULL, invoice_no = NULL, invoice_tenant = NULL WHERE id = 3253 AND invoice_id = 35288 AND invoice_no = 'T0214-25A0006723';","UPDATE unified_vendor_returnable_item SET quantity = 0, updated_on = NOW(), status = 'CANCELLED' WHERE reference_id = 3253 AND reference_type = 'PURCHASE_RETURN' AND partner_detail_id = 3449 AND tenant = 'th435';",DELETE FROM th435.purchase_issue_invoice WHERE purchase_issue_id = 3253 AND invoice_id = 35288 AND invoice_no = 'T0214-25A0006723';
P0435-25A0000019,th435,th214,"UPDATE th435.purchase_issue SET updated_on = NOW(), invoice_id = NULL, invoice_no = NULL, invoice_tenant = NULL WHERE id = 3371 AND invoice_id = 35111 AND invoice_no = 'T0214-25A0006115';","UPDATE unified_vendor_returnable_item SET quantity = 0, updated_on = NOW(), status = 'CANCELLED' WHERE reference_id = 3371 AND reference_type = 'PURCHASE_RETURN' AND partner_detail_id = 3449 AND tenant = 'th435';",DELETE FROM th435.purchase_issue_invoice WHERE purchase_issue_id = 3371 AND invoice_id = 35111 AND invoice_no = 'T0214-25A0006115';
P0435-25A0000019,th435,th214,"UPDATE th435.purchase_issue SET updated_on = NOW(), invoice_id = NULL, invoice_no = NULL, invoice_tenant = NULL WHERE id = 3375 AND invoice_id = 38339 AND invoice_no = 'T0214-25A0004093';","UPDATE unified_vendor_returnable_item SET quantity = 0, updated_on = NOW(), status = 'CANCELLED' WHERE reference_id = 3375 AND reference_type = 'PURCHASE_RETURN' AND partner_detail_id = 3449 AND tenant = 'th435';",DELETE FROM th435.purchase_issue_invoice WHERE purchase_issue_id = 3375 AND invoice_id = 38339 AND invoice_no = 'T0214-25A0004093';
P0435-25A0000019,th435,th214,"UPDATE th435.purchase_issue SET updated_on = NOW(), invoice_id = NULL, invoice_no = NULL, invoice_tenant = NULL WHERE id = 3377 AND invoice_id = 34945 AND invoice_no = 'T0214-25A0005780';","UPDATE unified_vendor_returnable_item SET quantity = 0, updated_on = NOW(), status = 'CANCELLED' WHERE reference_id = 3377 AND reference_type = 'PURCHASE_RETURN' AND partner_detail_id = 3449 AND tenant = 'th435';",DELETE FROM th435.purchase_issue_invoice WHERE purchase_issue_id = 3377 AND invoice_id = 34945 AND invoice_no = 'T0214-25A0005780';
P0435-25A0000019,th435,th214,"UPDATE th435.purchase_issue SET updated_on = NOW(), invoice_id = NULL, invoice_no = NULL, invoice_tenant = NULL WHERE id = 3490 AND invoice_id = 35487 AND invoice_no = 'T0214-25A0007031';","UPDATE unified_vendor_returnable_item SET quantity = 0, updated_on = NOW(), status = 'CANCELLED' WHERE reference_id = 3490 AND reference_type = 'PURCHASE_RETURN' AND partner_detail_id = 3449 AND tenant = 'th435';",DELETE FROM th435.purchase_issue_invoice WHERE purchase_issue_id = 3490 AND invoice_id = 35487 AND invoice_no = 'T0214-25A0007031';
P0435-25A0000019,th435,th214,"UPDATE th435.purchase_issue SET updated_on = NOW(), invoice_id = NULL, invoice_no = NULL, invoice_tenant = NULL WHERE id = 3514 AND invoice_id = 34521 AND invoice_no = 'T0214-25A0004907';","UPDATE unified_vendor_returnable_item SET quantity = 0, updated_on = NOW(), status = 'CANCELLED' WHERE reference_id = 3514 AND reference_type = 'PURCHASE_RETURN' AND partner_detail_id = 3449 AND tenant = 'th435';",DELETE FROM th435.purchase_issue_invoice WHERE purchase_issue_id = 3514 AND invoice_id = 34521 AND invoice_no = 'T0214-25A0004907';
P0435-25A0000019,th435,th214,"UPDATE th435.purchase_issue SET updated_on = NOW(), invoice_id = NULL, invoice_no = NULL, invoice_tenant = NULL WHERE id = 3523 AND invoice_id = 24185 AND invoice_no = 'T0214-25A0005758';","UPDATE unified_vendor_returnable_item SET quantity = 0, updated_on = NOW(), status = 'CANCELLED' WHERE reference_id = 3523 AND reference_type = 'PURCHASE_RETURN' AND partner_detail_id = 3449 AND tenant = 'th435';",DELETE FROM th435.purchase_issue_invoice WHERE purchase_issue_id = 3523 AND invoice_id = 24185 AND invoice_no = 'T0214-25A0005758';
P0435-25A0000019,th435,th214,"UPDATE th435.purchase_issue SET updated_on = NOW(), invoice_id = NULL, invoice_no = NULL, invoice_tenant = NULL WHERE id = 3562 AND invoice_id = 3420 AND invoice_no = 'T0214-25A0008339';","UPDATE unified_vendor_returnable_item SET quantity = 0, updated_on = NOW(), status = 'CANCELLED' WHERE reference_id = 3562 AND reference_type = 'PURCHASE_RETURN' AND partner_detail_id = 3449 AND tenant = 'th435';",DELETE FROM th435.purchase_issue_invoice WHERE purchase_issue_id = 3562 AND invoice_id = 3420 AND invoice_no = 'T0214-25A0008339';
P0435-25A0000017,th435,th214,"UPDATE th435.purchase_issue SET updated_on = NOW(), invoice_id = NULL, invoice_no = NULL, invoice_tenant = NULL WHERE id = 3274 AND invoice_id = 38649 AND invoice_no = 'T0214-25A0004949';","UPDATE unified_vendor_returnable_item SET quantity = 0, updated_on = NOW(), status = 'CANCELLED' WHERE reference_id = 3274 AND reference_type = 'PURCHASE_RETURN' AND partner_detail_id = 3449 AND tenant = 'th435';",DELETE FROM th435.purchase_issue_invoice WHERE purchase_issue_id = 3274 AND invoice_id = 38649 AND invoice_no = 'T0214-25A0004949';
P0435-25A0000017,th435,th214,"UPDATE th435.purchase_issue SET updated_on = NOW(), invoice_id = NULL, invoice_no = NULL, invoice_tenant = NULL WHERE id = 3374 AND invoice_id = 38487 AND invoice_no = 'T0214-25A0004457';","UPDATE unified_vendor_returnable_item SET quantity = 0, updated_on = NOW(), status = 'CANCELLED' WHERE reference_id = 3374 AND reference_type = 'PURCHASE_RETURN' AND partner_detail_id = 3449 AND tenant = 'th435';",DELETE FROM th435.purchase_issue_invoice WHERE purchase_issue_id = 3374 AND invoice_id = 38487 AND invoice_no = 'T0214-25A0004457';
P0435-25A0000017,th435,th214,"UPDATE th435.purchase_issue SET updated_on = NOW(), invoice_id = NULL, invoice_no = NULL, invoice_tenant = NULL WHERE id = 3435 AND invoice_id = 38615 AND invoice_no = 'T0214-25A0004826';","UPDATE unified_vendor_returnable_item SET quantity = 0, updated_on = NOW(), status = 'CANCELLED' WHERE reference_id = 3435 AND reference_type = 'PURCHASE_RETURN' AND partner_detail_id = 3449 AND tenant = 'th435';",DELETE FROM th435.purchase_issue_invoice WHERE purchase_issue_id = 3435 AND invoice_id = 38615 AND invoice_no = 'T0214-25A0004826';
P0435-25A0000017,th435,th214,"UPDATE th435.purchase_issue SET updated_on = NOW(), invoice_id = NULL, invoice_no = NULL, invoice_tenant = NULL WHERE id = 3500 AND invoice_id = 38983 AND invoice_no = 'T0214-25A0005723';","UPDATE unified_vendor_returnable_item SET quantity = 0, updated_on = NOW(), status = 'CANCELLED' WHERE reference_id = 3500 AND reference_type = 'PURCHASE_RETURN' AND partner_detail_id = 3449 AND tenant = 'th435';",DELETE FROM th435.purchase_issue_invoice WHERE purchase_issue_id = 3500 AND invoice_id = 38983 AND invoice_no = 'T0214-25A0005723';
P0435-25A0000017,th435,th214,"UPDATE th435.purchase_issue SET updated_on = NOW(), invoice_id = NULL, invoice_no = NULL, invoice_tenant = NULL WHERE id = 3517 AND invoice_id = 34678 AND invoice_no = 'T0214-25A0005210';","UPDATE unified_vendor_returnable_item SET quantity = 0, updated_on = NOW(), status = 'CANCELLED' WHERE reference_id = 3517 AND reference_type = 'PURCHASE_RETURN' AND partner_detail_id = 3449 AND tenant = 'th435';",DELETE FROM th435.purchase_issue_invoice WHERE purchase_issue_id = 3517 AND invoice_id = 34678 AND invoice_no = 'T0214-25A0005210';
P0435-25A0000017,th435,th214,"UPDATE th435.purchase_issue SET updated_on = NOW(), invoice_id = NULL, invoice_no = NULL, invoice_tenant = NULL WHERE id = 3541 AND invoice_id = 38615 AND invoice_no = 'T0214-25A0004826';","UPDATE unified_vendor_returnable_item SET quantity = 0, updated_on = NOW(), status = 'CANCELLED' WHERE reference_id = 3541 AND reference_type = 'PURCHASE_RETURN' AND partner_detail_id = 3449 AND tenant = 'th435';",DELETE FROM th435.purchase_issue_invoice WHERE purchase_issue_id = 3541 AND invoice_id = 38615 AND invoice_no = 'T0214-25A0004826';
P0435-25A0000021,th435,th429,"UPDATE th435.purchase_issue SET updated_on = NOW(), invoice_id = NULL, invoice_no = NULL, invoice_tenant = NULL WHERE id = 2198 AND invoice_id = 40549 AND invoice_no = 'T0429-25A0000676';","UPDATE unified_vendor_returnable_item SET quantity = 0, updated_on = NOW(), status = 'CANCELLED' WHERE reference_id = 2198 AND reference_type = 'PURCHASE_RETURN' AND partner_detail_id = 191768 AND tenant = 'th435';",DELETE FROM th435.purchase_issue_invoice WHERE purchase_issue_id = 2198 AND invoice_id = 40549 AND invoice_no = 'T0429-25A0000676';
P0435-25A0000021,th435,th429,"UPDATE th435.purchase_issue SET updated_on = NOW(), invoice_id = NULL, invoice_no = NULL, invoice_tenant = NULL WHERE id = 2514 AND invoice_id = 40962 AND invoice_no = 'T0429-25A0001318';","UPDATE unified_vendor_returnable_item SET quantity = 0, updated_on = NOW(), status = 'CANCELLED' WHERE reference_id = 2514 AND reference_type = 'PURCHASE_RETURN' AND partner_detail_id = 191768 AND tenant = 'th435';",DELETE FROM th435.purchase_issue_invoice WHERE purchase_issue_id = 2514 AND invoice_id = 40962 AND invoice_no = 'T0429-25A0001318';
P0435-25A0000021,th435,th429,"UPDATE th435.purchase_issue SET updated_on = NOW(), invoice_id = NULL, invoice_no = NULL, invoice_tenant = NULL WHERE id = 2523 AND invoice_id = 40072 AND invoice_no = 'T0429-25A0000156';","UPDATE unified_vendor_returnable_item SET quantity = 0, updated_on = NOW(), status = 'CANCELLED' WHERE reference_id = 2523 AND reference_type = 'PURCHASE_RETURN' AND partner_detail_id = 191768 AND tenant = 'th435';",DELETE FROM th435.purchase_issue_invoice WHERE purchase_issue_id = 2523 AND invoice_id = 40072 AND invoice_no = 'T0429-25A0000156';
P0435-25A0000021,th435,th429,"UPDATE th435.purchase_issue SET updated_on = NOW(), invoice_id = NULL, invoice_no = NULL, invoice_tenant = NULL WHERE id = 2778 AND invoice_id = 40555 AND invoice_no = 'T0429-25A0000687';","UPDATE unified_vendor_returnable_item SET quantity = 0, updated_on = NOW(), status = 'CANCELLED' WHERE reference_id = 2778 AND reference_type = 'PURCHASE_RETURN' AND partner_detail_id = 191768 AND tenant = 'th435';",DELETE FROM th435.purchase_issue_invoice WHERE purchase_issue_id = 2778 AND invoice_id = 40555 AND invoice_no = 'T0429-25A0000687';
P0435-25A0000021,th435,th429,"UPDATE th435.purchase_issue SET updated_on = NOW(), invoice_id = NULL, invoice_no = NULL, invoice_tenant = NULL WHERE id = 2802 AND invoice_id = 25324 AND invoice_no = 'T0429-25A0000432';","UPDATE unified_vendor_returnable_item SET quantity = 0, updated_on = NOW(), status = 'CANCELLED' WHERE reference_id = 2802 AND reference_type = 'PURCHASE_RETURN' AND partner_detail_id = 191768 AND tenant = 'th435';",DELETE FROM th435.purchase_issue_invoice WHERE purchase_issue_id = 2802 AND invoice_id = 25324 AND invoice_no = 'T0429-25A0000432';
P0435-25A0000021,th435,th429,"UPDATE th435.purchase_issue SET updated_on = NOW(), invoice_id = NULL, invoice_no = NULL, invoice_tenant = NULL WHERE id = 2920 AND invoice_id = 40576 AND invoice_no = 'T0429-25A0000796';","UPDATE unified_vendor_returnable_item SET quantity = 0, updated_on = NOW(), status = 'CANCELLED' WHERE reference_id = 2920 AND reference_type = 'PURCHASE_RETURN' AND partner_detail_id = 191768 AND tenant = 'th435';",DELETE FROM th435.purchase_issue_invoice WHERE purchase_issue_id = 2920 AND invoice_id = 40576 AND invoice_no = 'T0429-25A0000796';
P0435-25A0000021,th435,th429,"UPDATE th435.purchase_issue SET updated_on = NOW(), invoice_id = NULL, invoice_no = NULL, invoice_tenant = NULL WHERE id = 2941 AND invoice_id = 25361 AND invoice_no = 'T0429-25A0000537';","UPDATE unified_vendor_returnable_item SET quantity = 0, updated_on = NOW(), status = 'CANCELLED' WHERE reference_id = 2941 AND reference_type = 'PURCHASE_RETURN' AND partner_detail_id = 191768 AND tenant = 'th435';",DELETE FROM th435.purchase_issue_invoice WHERE purchase_issue_id = 2941 AND invoice_id = 25361 AND invoice_no = 'T0429-25A0000537';
P0435-25A0000021,th435,th429,"UPDATE th435.purchase_issue SET updated_on = NOW(), invoice_id = NULL, invoice_no = NULL, invoice_tenant = NULL WHERE id = 2942 AND invoice_id = 41573 AND invoice_no = 'T0429-25A0002063';","UPDATE unified_vendor_returnable_item SET quantity = 0, updated_on = NOW(), status = 'CANCELLED' WHERE reference_id = 2942 AND reference_type = 'PURCHASE_RETURN' AND partner_detail_id = 191768 AND tenant = 'th435';",DELETE FROM th435.purchase_issue_invoice WHERE purchase_issue_id = 2942 AND invoice_id = 41573 AND invoice_no = 'T0429-25A0002063';
P0435-25A0000021,th435,th429,"UPDATE th435.purchase_issue SET updated_on = NOW(), invoice_id = NULL, invoice_no = NULL, invoice_tenant = NULL WHERE id = 2959 AND invoice_id = 40472 AND invoice_no = 'T0429-25A0000586';","UPDATE unified_vendor_returnable_item SET quantity = 0, updated_on = NOW(), status = 'CANCELLED' WHERE reference_id = 2959 AND reference_type = 'PURCHASE_RETURN' AND partner_detail_id = 191768 AND tenant = 'th435';",DELETE FROM th435.purchase_issue_invoice WHERE purchase_issue_id = 2959 AND invoice_id = 40472 AND invoice_no = 'T0429-25A0000586';
P0435-25A0000021,th435,th429,"UPDATE th435.purchase_issue SET updated_on = NOW(), invoice_id = NULL, invoice_no = NULL, invoice_tenant = NULL WHERE id = 2960 AND invoice_id = 40962 AND invoice_no = 'T0429-25A0001318';","UPDATE unified_vendor_returnable_item SET quantity = 0, updated_on = NOW(), status = 'CANCELLED' WHERE reference_id = 2960 AND reference_type = 'PURCHASE_RETURN' AND partner_detail_id = 191768 AND tenant = 'th435';",DELETE FROM th435.purchase_issue_invoice WHERE purchase_issue_id = 2960 AND invoice_id = 40962 AND invoice_no = 'T0429-25A0001318';
P0413-25A0000205,th413,th214,"UPDATE th413.purchase_issue SET updated_on = NOW(), invoice_id = NULL, invoice_no = NULL, invoice_tenant = NULL WHERE id = 43657 AND invoice_id = 9041 AND invoice_no = 'A0214-24A0000145';","UPDATE unified_vendor_returnable_item SET quantity = 0, updated_on = NOW(), status = 'CANCELLED' WHERE reference_id = 43657 AND reference_type = 'PURCHASE_RETURN' AND partner_detail_id = 3449 AND tenant = 'th413';",DELETE FROM th413.purchase_issue_invoice WHERE purchase_issue_id = 43657 AND invoice_id = 9041 AND invoice_no = 'A0214-24A0000145';
P0413-25A0000205,th413,th214,"UPDATE th413.purchase_issue SET updated_on = NOW(), invoice_id = NULL, invoice_no = NULL, invoice_tenant = NULL WHERE id = 43719 AND invoice_id = 6360 AND invoice_no = 'MU214/23/A000307';","UPDATE unified_vendor_returnable_item SET quantity = 0, updated_on = NOW(), status = 'CANCELLED' WHERE reference_id = 43719 AND reference_type = 'PURCHASE_RETURN' AND partner_detail_id = 3449 AND tenant = 'th413';",DELETE FROM th413.purchase_issue_invoice WHERE purchase_issue_id = 43719 AND invoice_id = 6360 AND invoice_no = 'MU214/23/A000307';
P0413-25A0000205,th413,th214,"UPDATE th413.purchase_issue SET updated_on = NOW(), invoice_id = NULL, invoice_no = NULL, invoice_tenant = NULL WHERE id = 43721 AND invoice_id = 9182 AND invoice_no = 'MU214/23/A000382';","UPDATE unified_vendor_returnable_item SET quantity = 0, updated_on = NOW(), status = 'CANCELLED' WHERE reference_id = 43721 AND reference_type = 'PURCHASE_RETURN' AND partner_detail_id = 3449 AND tenant = 'th413';",DELETE FROM th413.purchase_issue_invoice WHERE purchase_issue_id = 43721 AND invoice_id = 9182 AND invoice_no = 'MU214/23/A000382';
P0413-25A0000203,th413,th214,"UPDATE th413.purchase_issue SET updated_on = NOW(), invoice_id = NULL, invoice_no = NULL, invoice_tenant = NULL WHERE id = 43422 AND invoice_id = 23673 AND invoice_no = 'T0214-25A0004178';","UPDATE unified_vendor_returnable_item SET quantity = 0, updated_on = NOW(), status = 'CANCELLED' WHERE reference_id = 43422 AND reference_type = 'PURCHASE_RETURN' AND partner_detail_id = 3449 AND tenant = 'th413';",DELETE FROM th413.purchase_issue_invoice WHERE purchase_issue_id = 43422 AND invoice_id = 23673 AND invoice_no = 'T0214-25A0004178';
P0413-25A0000203,th413,th214,"UPDATE th413.purchase_issue SET updated_on = NOW(), invoice_id = NULL, invoice_no = NULL, invoice_tenant = NULL WHERE id = 43466 AND invoice_id = 9182 AND invoice_no = 'MU214/23/A000382';","UPDATE unified_vendor_returnable_item SET quantity = 0, updated_on = NOW(), status = 'CANCELLED' WHERE reference_id = 43466 AND reference_type = 'PURCHASE_RETURN' AND partner_detail_id = 3449 AND tenant = 'th413';",DELETE FROM th413.purchase_issue_invoice WHERE purchase_issue_id = 43466 AND invoice_id = 9182 AND invoice_no = 'MU214/23/A000382';
P0413-25A0000203,th413,th214,"UPDATE th413.purchase_issue SET updated_on = NOW(), invoice_id = NULL, invoice_no = NULL, invoice_tenant = NULL WHERE id = 43477 AND invoice_id = 6148 AND invoice_no = 'MU214/23/A000368';","UPDATE unified_vendor_returnable_item SET quantity = 0, updated_on = NOW(), status = 'CANCELLED' WHERE reference_id = 43477 AND reference_type = 'PURCHASE_RETURN' AND partner_detail_id = 3449 AND tenant = 'th413';",DELETE FROM th413.purchase_issue_invoice WHERE purchase_issue_id = 43477 AND invoice_id = 6148 AND invoice_no = 'MU214/23/A000368';
P0413-25A0000203,th413,th214,"UPDATE th413.purchase_issue SET updated_on = NOW(), invoice_id = NULL, invoice_no = NULL, invoice_tenant = NULL WHERE id = 43483 AND invoice_id = 23737 AND invoice_no = 'T0214-25A0004339';","UPDATE unified_vendor_returnable_item SET quantity = 0, updated_on = NOW(), status = 'CANCELLED' WHERE reference_id = 43483 AND reference_type = 'PURCHASE_RETURN' AND partner_detail_id = 3449 AND tenant = 'th413';",DELETE FROM th413.purchase_issue_invoice WHERE purchase_issue_id = 43483 AND invoice_id = 23737 AND invoice_no = 'T0214-25A0004339';
P0413-25A0000203,th413,th214,"UPDATE th413.purchase_issue SET updated_on = NOW(), invoice_id = NULL, invoice_no = NULL, invoice_tenant = NULL WHERE id = 43507 AND invoice_id = 3809 AND invoice_no = 'AR22-22-7935';","UPDATE unified_vendor_returnable_item SET quantity = 0, updated_on = NOW(), status = 'CANCELLED' WHERE reference_id = 43507 AND reference_type = 'PURCHASE_RETURN' AND partner_detail_id = 3449 AND tenant = 'th413';",DELETE FROM th413.purchase_issue_invoice WHERE purchase_issue_id = 43507 AND invoice_id = 3809 AND invoice_no = 'AR22-22-7935';
P0413-25A0000202,th413,th214,"UPDATE th413.purchase_issue SET updated_on = NOW(), invoice_id = NULL, invoice_no = NULL, invoice_tenant = NULL WHERE id = 43373 AND invoice_id = 23877 AND invoice_no = 'T0214-25A0004870';","UPDATE unified_vendor_returnable_item SET quantity = 0, updated_on = NOW(), status = 'CANCELLED' WHERE reference_id = 43373 AND reference_type = 'PURCHASE_RETURN' AND partner_detail_id = 3449 AND tenant = 'th413';",DELETE FROM th413.purchase_issue_invoice WHERE purchase_issue_id = 43373 AND invoice_id = 23877 AND invoice_no = 'T0214-25A0004870';
P0425-25A0000048,th425,th205,"UPDATE th425.purchase_issue SET updated_on = NOW(), invoice_id = NULL, invoice_no = NULL, invoice_tenant = NULL WHERE id = 186923 AND invoice_id = 6136 AND invoice_no = 'U0205-23A0002041';","UPDATE unified_vendor_returnable_item SET quantity = 0, updated_on = NOW(), status = 'CANCELLED' WHERE reference_id = 186923 AND reference_type = 'PURCHASE_RETURN' AND partner_detail_id = 6880 AND tenant = 'th425';",DELETE FROM th425.purchase_issue_invoice WHERE purchase_issue_id = 186923 AND invoice_id = 6136 AND invoice_no = 'U0205-23A0002041';
P0425-25A0000048,th425,th205,"UPDATE th425.purchase_issue SET updated_on = NOW(), invoice_id = NULL, invoice_no = NULL, invoice_tenant = NULL WHERE id = 193302 AND invoice_id = 3480 AND invoice_no = 'A0205-23A0000111';","UPDATE unified_vendor_returnable_item SET quantity = 0, updated_on = NOW(), status = 'CANCELLED' WHERE reference_id = 193302 AND reference_type = 'PURCHASE_RETURN' AND partner_detail_id = 6880 AND tenant = 'th425';",DELETE FROM th425.purchase_issue_invoice WHERE purchase_issue_id = 193302 AND invoice_id = 3480 AND invoice_no = 'A0205-23A0000111';
P0417-25A0000030,th417,th214,"UPDATE th417.purchase_issue SET updated_on = NOW(), invoice_id = NULL, invoice_no = NULL, invoice_tenant = NULL WHERE id = 23396 AND invoice_id = 5066 AND invoice_no = 'AR22-23-1431';","UPDATE unified_vendor_returnable_item SET quantity = 0, updated_on = NOW(), status = 'CANCELLED' WHERE reference_id = 23396 AND reference_type = 'PURCHASE_RETURN' AND partner_detail_id = 3449 AND tenant = 'th417';",DELETE FROM th417.purchase_issue_invoice WHERE purchase_issue_id = 23396 AND invoice_id = 5066 AND invoice_no = 'AR22-23-1431';
P0417-25A0000030,th417,th214,"UPDATE th417.purchase_issue SET updated_on = NOW(), invoice_id = NULL, invoice_no = NULL, invoice_tenant = NULL WHERE id = 23417 AND invoice_id = 6135 AND invoice_no = 'MU214/23/A000303';","UPDATE unified_vendor_returnable_item SET quantity = 0, updated_on = NOW(), status = 'CANCELLED' WHERE reference_id = 23417 AND reference_type = 'PURCHASE_RETURN' AND partner_detail_id = 3449 AND tenant = 'th417';",DELETE FROM th417.purchase_issue_invoice WHERE purchase_issue_id = 23417 AND invoice_id = 6135 AND invoice_no = 'MU214/23/A000303';
P0417-25A0000030,th417,th214,"UPDATE th417.purchase_issue SET updated_on = NOW(), invoice_id = NULL, invoice_no = NULL, invoice_tenant = NULL WHERE id = 23422 AND invoice_id = 5066 AND invoice_no = 'AR22-23-1431';","UPDATE unified_vendor_returnable_item SET quantity = 0, updated_on = NOW(), status = 'CANCELLED' WHERE reference_id = 23422 AND reference_type = 'PURCHASE_RETURN' AND partner_detail_id = 3449 AND tenant = 'th417';",DELETE FROM th417.purchase_issue_invoice WHERE purchase_issue_id = 23422 AND invoice_id = 5066 AND invoice_no = 'AR22-23-1431';
P0417-25A0000030,th417,th214,"UPDATE th417.purchase_issue SET updated_on = NOW(), invoice_id = NULL, invoice_no = NULL, invoice_tenant = NULL WHERE id = 23961 AND invoice_id = 5011 AND invoice_no = 'AR22-22-8000';","UPDATE unified_vendor_returnable_item SET quantity = 0, updated_on = NOW(), status = 'CANCELLED' WHERE reference_id = 23961 AND reference_type = 'PURCHASE_RETURN' AND partner_detail_id = 3449 AND tenant = 'th417';",DELETE FROM th417.purchase_issue_invoice WHERE purchase_issue_id = 23961 AND invoice_id = 5011 AND invoice_no = 'AR22-22-8000';
P0417-25A0000030,th417,th214,"UPDATE th417.purchase_issue SET updated_on = NOW(), invoice_id = NULL, invoice_no = NULL, invoice_tenant = NULL WHERE id = 23976 AND invoice_id = 5082 AND invoice_no = 'AR22-23-1682';","UPDATE unified_vendor_returnable_item SET quantity = 0, updated_on = NOW(), status = 'CANCELLED' WHERE reference_id = 23976 AND reference_type = 'PURCHASE_RETURN' AND partner_detail_id = 3449 AND tenant = 'th417';",DELETE FROM th417.purchase_issue_invoice WHERE purchase_issue_id = 23976 AND invoice_id = 5082 AND invoice_no = 'AR22-23-1682';
P0417-25A0000030,th417,th214,"UPDATE th417.purchase_issue SET updated_on = NOW(), invoice_id = NULL, invoice_no = NULL, invoice_tenant = NULL WHERE id = 24002 AND invoice_id = 5143 AND invoice_no = 'AR22-23-778';","UPDATE unified_vendor_returnable_item SET quantity = 0, updated_on = NOW(), status = 'CANCELLED' WHERE reference_id = 24002 AND reference_type = 'PURCHASE_RETURN' AND partner_detail_id = 3449 AND tenant = 'th417';",DELETE FROM th417.purchase_issue_invoice WHERE purchase_issue_id = 24002 AND invoice_id = 5143 AND invoice_no = 'AR22-23-778';
P0417-25A0000030,th417,th214,"UPDATE th417.purchase_issue SET updated_on = NOW(), invoice_id = NULL, invoice_no = NULL, invoice_tenant = NULL WHERE id = 24003 AND invoice_id = 5143 AND invoice_no = 'AR22-23-778';","UPDATE unified_vendor_returnable_item SET quantity = 0, updated_on = NOW(), status = 'CANCELLED' WHERE reference_id = 24003 AND reference_type = 'PURCHASE_RETURN' AND partner_detail_id = 3449 AND tenant = 'th417';",DELETE FROM th417.purchase_issue_invoice WHERE purchase_issue_id = 24003 AND invoice_id = 5143 AND invoice_no = 'AR22-23-778';
P0417-25A0000030,th417,th214,"UPDATE th417.purchase_issue SET updated_on = NOW(), invoice_id = NULL, invoice_no = NULL, invoice_tenant = NULL WHERE id = 24005 AND invoice_id = 18128 AND invoice_no = 'AR22-23-1886';","UPDATE unified_vendor_returnable_item SET quantity = 0, updated_on = NOW(), status = 'CANCELLED' WHERE reference_id = 24005 AND reference_type = 'PURCHASE_RETURN' AND partner_detail_id = 3449 AND tenant = 'th417';",DELETE FROM th417.purchase_issue_invoice WHERE purchase_issue_id = 24005 AND invoice_id = 18128 AND invoice_no = 'AR22-23-1886';
P0417-25A0000030,th417,th214,"UPDATE th417.purchase_issue SET updated_on = NOW(), invoice_id = NULL, invoice_no = NULL, invoice_tenant = NULL WHERE id = 24016 AND invoice_id = 5067 AND invoice_no = 'AR22-23-1437';","UPDATE unified_vendor_returnable_item SET quantity = 0, updated_on = NOW(), status = 'CANCELLED' WHERE reference_id = 24016 AND reference_type = 'PURCHASE_RETURN' AND partner_detail_id = 3449 AND tenant = 'th417';",DELETE FROM th417.purchase_issue_invoice WHERE purchase_issue_id = 24016 AND invoice_id = 5067 AND invoice_no = 'AR22-23-1437';
P0417-25A0000030,th417,th214,"UPDATE th417.purchase_issue SET updated_on = NOW(), invoice_id = NULL, invoice_no = NULL, invoice_tenant = NULL WHERE id = 24022 AND invoice_id = 6334 AND invoice_no = 'MU214/23/A000214';","UPDATE unified_vendor_returnable_item SET quantity = 0, updated_on = NOW(), status = 'CANCELLED' WHERE reference_id = 24022 AND reference_type = 'PURCHASE_RETURN' AND partner_detail_id = 3449 AND tenant = 'th417';",DELETE FROM th417.purchase_issue_invoice WHERE purchase_issue_id = 24022 AND invoice_id = 6334 AND invoice_no = 'MU214/23/A000214';
P0417-25A0000030,th417,th214,"UPDATE th417.purchase_issue SET updated_on = NOW(), invoice_id = NULL, invoice_no = NULL, invoice_tenant = NULL WHERE id = 24269 AND invoice_id = 5075 AND invoice_no = 'AR22-23-1553';","UPDATE unified_vendor_returnable_item SET quantity = 0, updated_on = NOW(), status = 'CANCELLED' WHERE reference_id = 24269 AND reference_type = 'PURCHASE_RETURN' AND partner_detail_id = 3449 AND tenant = 'th417';",DELETE FROM th417.purchase_issue_invoice WHERE purchase_issue_id = 24269 AND invoice_id = 5075 AND invoice_no = 'AR22-23-1553';
P0417-25A0000035,th417,th214,"UPDATE th417.purchase_issue SET updated_on = NOW(), invoice_id = NULL, invoice_no = NULL, invoice_tenant = NULL WHERE id = 24060 AND invoice_id = 23807 AND invoice_no = 'T0214-25A0004625';","UPDATE unified_vendor_returnable_item SET quantity = 0, updated_on = NOW(), status = 'CANCELLED' WHERE reference_id = 24060 AND reference_type = 'PURCHASE_RETURN' AND partner_detail_id = 3449 AND tenant = 'th417';",DELETE FROM th417.purchase_issue_invoice WHERE purchase_issue_id = 24060 AND invoice_id = 23807 AND invoice_no = 'T0214-25A0004625';
P0413-25A0000188,th413,th214,"UPDATE th413.purchase_issue SET updated_on = NOW(), invoice_id = NULL, invoice_no = NULL, invoice_tenant = NULL WHERE id = 43173 AND invoice_id = 24797 AND invoice_no = 'T0214-25A0007211';","UPDATE unified_vendor_returnable_item SET quantity = 0, updated_on = NOW(), status = 'CANCELLED' WHERE reference_id = 43173 AND reference_type = 'PURCHASE_RETURN' AND partner_detail_id = 3449 AND tenant = 'th413';",DELETE FROM th413.purchase_issue_invoice WHERE purchase_issue_id = 43173 AND invoice_id = 24797 AND invoice_no = 'T0214-25A0007211';
P0413-25A0000188,th413,th214,"UPDATE th413.purchase_issue SET updated_on = NOW(), invoice_id = NULL, invoice_no = NULL, invoice_tenant = NULL WHERE id = 43175 AND invoice_id = 23835 AND invoice_no = 'T0214-25A0004792';","UPDATE unified_vendor_returnable_item SET quantity = 0, updated_on = NOW(), status = 'CANCELLED' WHERE reference_id = 43175 AND reference_type = 'PURCHASE_RETURN' AND partner_detail_id = 3449 AND tenant = 'th413';",DELETE FROM th413.purchase_issue_invoice WHERE purchase_issue_id = 43175 AND invoice_id = 23835 AND invoice_no = 'T0214-25A0004792';
P0413-25A0000183,th413,th214,"UPDATE th413.purchase_issue SET updated_on = NOW(), invoice_id = NULL, invoice_no = NULL, invoice_tenant = NULL WHERE id = 42881 AND invoice_id = 23860 AND invoice_no = 'T0214-25A0004825';","UPDATE unified_vendor_returnable_item SET quantity = 0, updated_on = NOW(), status = 'CANCELLED' WHERE reference_id = 42881 AND reference_type = 'PURCHASE_RETURN' AND partner_detail_id = 3449 AND tenant = 'th413';",DELETE FROM th413.purchase_issue_invoice WHERE purchase_issue_id = 42881 AND invoice_id = 23860 AND invoice_no = 'T0214-25A0004825';
P0413-25A0000162,th413,th214,"UPDATE th413.purchase_issue SET updated_on = NOW(), invoice_id = NULL, invoice_no = NULL, invoice_tenant = NULL WHERE id = 42798 AND invoice_id = 6135 AND invoice_no = 'MU214/23/A000303';","UPDATE unified_vendor_returnable_item SET quantity = 0, updated_on = NOW(), status = 'CANCELLED' WHERE reference_id = 42798 AND reference_type = 'PURCHASE_RETURN' AND partner_detail_id = 3449 AND tenant = 'th413';",DELETE FROM th413.purchase_issue_invoice WHERE purchase_issue_id = 42798 AND invoice_id = 6135 AND invoice_no = 'MU214/23/A000303';
P0413-25A0000162,th413,th214,"UPDATE th413.purchase_issue SET updated_on = NOW(), invoice_id = NULL, invoice_no = NULL, invoice_tenant = NULL WHERE id = 42810 AND invoice_id = 23669 AND invoice_no = 'T0214-25A0004171';","UPDATE unified_vendor_returnable_item SET quantity = 0, updated_on = NOW(), status = 'CANCELLED' WHERE reference_id = 42810 AND reference_type = 'PURCHASE_RETURN' AND partner_detail_id = 3449 AND tenant = 'th413';",DELETE FROM th413.purchase_issue_invoice WHERE purchase_issue_id = 42810 AND invoice_id = 23669 AND invoice_no = 'T0214-25A0004171';
P0413-25A0000158,th413,th214,"UPDATE th413.purchase_issue SET updated_on = NOW(), invoice_id = NULL, invoice_no = NULL, invoice_tenant = NULL WHERE id = 42559 AND invoice_id = 6146 AND invoice_no = 'MU214/23/A000358';","UPDATE unified_vendor_returnable_item SET quantity = 0, updated_on = NOW(), status = 'CANCELLED' WHERE reference_id = 42559 AND reference_type = 'PURCHASE_RETURN' AND partner_detail_id = 3449 AND tenant = 'th413';",DELETE FROM th413.purchase_issue_invoice WHERE purchase_issue_id = 42559 AND invoice_id = 6146 AND invoice_no = 'MU214/23/A000358';
P0413-25A0000158,th413,th214,"UPDATE th413.purchase_issue SET updated_on = NOW(), invoice_id = NULL, invoice_no = NULL, invoice_tenant = NULL WHERE id = 42785 AND invoice_id = 23881 AND invoice_no = 'T0214-25A0004888';","UPDATE unified_vendor_returnable_item SET quantity = 0, updated_on = NOW(), status = 'CANCELLED' WHERE reference_id = 42785 AND reference_type = 'PURCHASE_RETURN' AND partner_detail_id = 3449 AND tenant = 'th413';",DELETE FROM th413.purchase_issue_invoice WHERE purchase_issue_id = 42785 AND invoice_id = 23881 AND invoice_no = 'T0214-25A0004888';
P0417-25A0000026,th417,th214,"UPDATE th417.purchase_issue SET updated_on = NOW(), invoice_id = NULL, invoice_no = NULL, invoice_tenant = NULL WHERE id = 23361 AND invoice_id = 23130 AND invoice_no = 'T0214-25A0003200';","UPDATE unified_vendor_returnable_item SET quantity = 0, updated_on = NOW(), status = 'CANCELLED' WHERE reference_id = 23361 AND reference_type = 'PURCHASE_RETURN' AND partner_detail_id = 3449 AND tenant = 'th417';",DELETE FROM th417.purchase_issue_invoice WHERE purchase_issue_id = 23361 AND invoice_id = 23130 AND invoice_no = 'T0214-25A0003200';
P0417-25A0000026,th417,th214,"UPDATE th417.purchase_issue SET updated_on = NOW(), invoice_id = NULL, invoice_no = NULL, invoice_tenant = NULL WHERE id = 23363 AND invoice_id = 38487 AND invoice_no = 'T0214-25A0004457';","UPDATE unified_vendor_returnable_item SET quantity = 0, updated_on = NOW(), status = 'CANCELLED' WHERE reference_id = 23363 AND reference_type = 'PURCHASE_RETURN' AND partner_detail_id = 3449 AND tenant = 'th417';",DELETE FROM th417.purchase_issue_invoice WHERE purchase_issue_id = 23363 AND invoice_id = 38487 AND invoice_no = 'T0214-25A0004457';
P0417-25A0000026,th417,th214,"UPDATE th417.purchase_issue SET updated_on = NOW(), invoice_id = NULL, invoice_no = NULL, invoice_tenant = NULL WHERE id = 23369 AND invoice_id = 25022 AND invoice_no = 'T0214-25A0007730';","UPDATE unified_vendor_returnable_item SET quantity = 0, updated_on = NOW(), status = 'CANCELLED' WHERE reference_id = 23369 AND reference_type = 'PURCHASE_RETURN' AND partner_detail_id = 3449 AND tenant = 'th417';",DELETE FROM th417.purchase_issue_invoice WHERE purchase_issue_id = 23369 AND invoice_id = 25022 AND invoice_no = 'T0214-25A0007730';
DR0411-25A000015,th411,th403,"UPDATE th411.purchase_issue SET updated_on = NOW(), invoice_id = NULL, invoice_no = NULL, invoice_tenant = NULL WHERE id = 161351 AND invoice_id = 173395 AND invoice_no = '42157-SR';","UPDATE unified_vendor_returnable_item SET quantity = 0, updated_on = NOW(), status = 'CANCELLED' WHERE reference_id = 161351 AND reference_type = 'PURCHASE_RETURN' AND partner_detail_id = 37879 AND tenant = 'th411';",DELETE FROM th411.purchase_issue_invoice WHERE purchase_issue_id = 161351 AND invoice_id = 173395 AND invoice_no = '42157-SR';
DR0411-25A000015,th411,th403,"UPDATE th411.purchase_issue SET updated_on = NOW(), invoice_id = NULL, invoice_no = NULL, invoice_tenant = NULL WHERE id = 161418 AND invoice_id = 159659 AND invoice_no = '6253023861';","UPDATE unified_vendor_returnable_item SET quantity = 0, updated_on = NOW(), status = 'CANCELLED' WHERE reference_id = 161418 AND reference_type = 'PURCHASE_RETURN' AND partner_detail_id = 37879 AND tenant = 'th411';",DELETE FROM th411.purchase_issue_invoice WHERE purchase_issue_id = 161418 AND invoice_id = 159659 AND invoice_no = '6253023861';
DR0411-25A000015,th411,th403,"UPDATE th411.purchase_issue SET updated_on = NOW(), invoice_id = NULL, invoice_no = NULL, invoice_tenant = NULL WHERE id = 161426 AND invoice_id = 161898 AND invoice_no = '706/24/S/15491';","UPDATE unified_vendor_returnable_item SET quantity = 0, updated_on = NOW(), status = 'CANCELLED' WHERE reference_id = 161426 AND reference_type = 'PURCHASE_RETURN' AND partner_detail_id = 37879 AND tenant = 'th411';",DELETE FROM th411.purchase_issue_invoice WHERE purchase_issue_id = 161426 AND invoice_id = 161898 AND invoice_no = '706/24/S/15491';
DR0411-25A000015,th411,th403,"UPDATE th411.purchase_issue SET updated_on = NOW(), invoice_id = NULL, invoice_no = NULL, invoice_tenant = NULL WHERE id = 161427 AND invoice_id = 157291 AND invoice_no = 'A0400-24A0002830';","UPDATE unified_vendor_returnable_item SET quantity = 0, updated_on = NOW(), status = 'CANCELLED' WHERE reference_id = 161427 AND reference_type = 'PURCHASE_RETURN' AND partner_detail_id = 37879 AND tenant = 'th411';",DELETE FROM th411.purchase_issue_invoice WHERE purchase_issue_id = 161427 AND invoice_id = 157291 AND invoice_no = 'A0400-24A0002830';
DR0411-25A000015,th411,th403,"UPDATE th411.purchase_issue SET updated_on = NOW(), invoice_id = NULL, invoice_no = NULL, invoice_tenant = NULL WHERE id = 161428 AND invoice_id = 171841 AND invoice_no = '41590-SR';","UPDATE unified_vendor_returnable_item SET quantity = 0, updated_on = NOW(), status = 'CANCELLED' WHERE reference_id = 161428 AND reference_type = 'PURCHASE_RETURN' AND partner_detail_id = 37879 AND tenant = 'th411';",DELETE FROM th411.purchase_issue_invoice WHERE purchase_issue_id = 161428 AND invoice_id = 171841 AND invoice_no = '41590-SR';
DR0411-25A000015,th411,th403,"UPDATE th411.purchase_issue SET updated_on = NOW(), invoice_id = NULL, invoice_no = NULL, invoice_tenant = NULL WHERE id = 167592 AND invoice_id = 115775 AND invoice_no = 'SP61';","UPDATE unified_vendor_returnable_item SET quantity = 0, updated_on = NOW(), status = 'CANCELLED' WHERE reference_id = 167592 AND reference_type = 'PURCHASE_RETURN' AND partner_detail_id = 37879 AND tenant = 'th411';",DELETE FROM th411.purchase_issue_invoice WHERE purchase_issue_id = 167592 AND invoice_id = 115775 AND invoice_no = 'SP61';
P0413-25A0000130,th413,th214,"UPDATE th413.purchase_issue SET updated_on = NOW(), invoice_id = NULL, invoice_no = NULL, invoice_tenant = NULL WHERE id = 41851 AND invoice_id = 6134 AND invoice_no = 'MU214/23/A000297';","UPDATE unified_vendor_returnable_item SET quantity = 0, updated_on = NOW(), status = 'CANCELLED' WHERE reference_id = 41851 AND reference_type = 'PURCHASE_RETURN' AND partner_detail_id = 3449 AND tenant = 'th413';",DELETE FROM th413.purchase_issue_invoice WHERE purchase_issue_id = 41851 AND invoice_id = 6134 AND invoice_no = 'MU214/23/A000297';
PD0214-25A006284,th214,th413,"UPDATE th214.purchase_issue SET updated_on = NOW(), invoice_id = NULL, invoice_no = NULL, invoice_tenant = NULL WHERE id = 650415 AND invoice_id = 1002507 AND invoice_no = 'T0213-25A0001174';","UPDATE unified_vendor_returnable_item SET quantity = 0, updated_on = NOW(), status = 'CANCELLED' WHERE reference_id = 650415 AND reference_type = 'PURCHASE_RETURN' AND partner_detail_id = 37894 AND tenant = 'th214';",DELETE FROM th214.purchase_issue_invoice WHERE purchase_issue_id = 650415 AND invoice_id = 1002507 AND invoice_no = 'T0213-25A0001174';
PD0214-25A006284,th214,th413,"UPDATE th214.purchase_issue SET updated_on = NOW(), invoice_id = NULL, invoice_no = NULL, invoice_tenant = NULL WHERE id = 650987 AND invoice_id = 906129 AND invoice_no = 'MH0200039143';","UPDATE unified_vendor_returnable_item SET quantity = 0, updated_on = NOW(), status = 'CANCELLED' WHERE reference_id = 650987 AND reference_type = 'PURCHASE_RETURN' AND partner_detail_id = 37894 AND tenant = 'th214';",DELETE FROM th214.purchase_issue_invoice WHERE purchase_issue_id = 650987 AND invoice_id = 906129 AND invoice_no = 'MH0200039143';
U0224-25A0000025,th224,th427,"UPDATE th224.purchase_issue SET updated_on = NOW(), invoice_id = NULL, invoice_no = NULL, invoice_tenant = NULL WHERE id = 746922 AND invoice_id = 836380 AND invoice_no = 'T0223-25A0001928';","UPDATE unified_vendor_returnable_item SET quantity = 0, updated_on = NOW(), status = 'CANCELLED' WHERE reference_id = 746922 AND reference_type = 'PURCHASE_RETURN' AND partner_detail_id = 60526 AND tenant = 'th224';",DELETE FROM th224.purchase_issue_invoice WHERE purchase_issue_id = 746922 AND invoice_id = 836380 AND invoice_no = 'T0223-25A0001928';
PD0418-25A000063,th418,th214,"UPDATE th418.purchase_issue SET updated_on = NOW(), invoice_id = NULL, invoice_no = NULL, invoice_tenant = NULL WHERE id = 16635 AND invoice_id = 5130 AND invoice_no = 'AR22-23-556';","UPDATE unified_vendor_returnable_item SET quantity = 0, updated_on = NOW(), status = 'CANCELLED' WHERE reference_id = 16635 AND reference_type = 'PURCHASE_RETURN' AND partner_detail_id = 3449 AND tenant = 'th418';",DELETE FROM th418.purchase_issue_invoice WHERE purchase_issue_id = 16635 AND invoice_id = 5130 AND invoice_no = 'AR22-23-556';
DR0428-25A000284,th428,th224,"UPDATE th428.purchase_issue SET updated_on = NOW(), invoice_id = NULL, invoice_no = NULL, invoice_tenant = NULL WHERE id = 40705 AND invoice_id = 34479 AND invoice_no = 'PD0428-24A003906';","UPDATE unified_vendor_returnable_item SET quantity = 0, updated_on = NOW(), status = 'CANCELLED' WHERE reference_id = 40705 AND reference_type = 'PURCHASE_RETURN' AND partner_detail_id = 3440 AND tenant = 'th428';",DELETE FROM th428.purchase_issue_invoice WHERE purchase_issue_id = 40705 AND invoice_id = 34479 AND invoice_no = 'PD0428-24A003906';
